Title,Price,City,Bargain,Date,District
Iphone 15 Pro XR Оригинал,114000.0,Алматы,False,2024-12-16,Алмалинский район
iphone 15 pro 256 gb,400000.0,Костанай,True,2024-12-15,
IPhone 13 128gb 84% в отличном состоянии,165000.0,Усть-Каменогорск,False,2024-12-16,45-я аптека
Iphone 11 128gb с гарантией,35000.0,Актобе,False,2024-12-17,микрорайон 11
Iphone 11 128gb с гарантией,35000.0,Караганда,False,2024-12-17,Казыбекбийский район
Iphone 14 Pro 256 gb с гарантией,102000.0,Тараз,False,2024-12-17,1-мкр. Акбулак
Iphone 11 128gb с гарантией,35000.0,Семей,False,2024-12-17,
Iphone 14 pro 256gb с гарантией,102000.0,Петропавловск,False,2024-12-17,
Iphone 11/айфон 11,60000.0,Петропавловск,False,2024-12-16,
iPhone 11,55000.0,Алматы,True,2024-12-17,Алмалинский район
iPhone 12 Pro 128GB,140000.0,Алматы,True,2024-12-17,Бостандыкский район
Iphone 14 128gb с гарантией,65000.0,Кокшетау,False,2024-12-17,Первая аптека
Продаю iPhone 11pro,40000.0,Кокшетау,True,2024-12-17,Первая аптека
iPhone 15pro 256гбт черный,430000.0,Актау,False,2024-12-14,1
Продам iPhone 15 Pro 128 Gb,420000.0,Кокшетау,False,2024-12-15,Первая аптека
iPhone 15 Pro/ Актив Ломбард/0-0-24,410000.0,Актау,False,2024-12-17,1
Iphone 11 128gb с гарантией,35000.0,Алматы,False,2024-12-17,Алмалинский район
Iphone 14 pro max,315000.0,Алматы,False,2024-12-17,Алмалинский район
Iphone 15 256g 91%,250000.0,Уральск,False,2024-12-17,2-й рабочий
Iphone 11/64 гебайт в хорошем состояние,70000.0,Алматы,True,2024-12-17,Алатауский район
iPhone 16 Pro 256 GB,700000.0,Астана,True,2024-12-17,Алматинский район
Iphone 11 pro 512,130000.0,Алматы,True,2024-12-17,Ауэзовский район
Iphone 15 PRO blue 128gb,350000.0,Нуркен,False,2024-12-17,
Iphone 14 pro 256gb с гарантией,102000.0,Уральск,False,2024-12-17,2-й рабочий
айфон 11 хорошем состоянии  / Iphone 11 128 гб,90000.0,Алматы,True,2024-12-17,Алмалинский район
iPhone 11 pro 256gb,110000.0,Алматы,True,2024-12-17,Алатауский район
"Айфон 13 256гб, iphone 13 256gb blue в отличном состоянии",185000.0,Семей,True,2024-12-17,
iPhone 15 Pro Max.Samsung S24 Ultra.,45000.0,Алматы,False,2024-12-15,Медеуский район
iPhone 13 pro 128gb akb90% Айфон 13,230000.0,Астана,False,2024-12-16,Байконурский
Продам iphone11,70000.0,Павлодар,False,2024-12-16,
Iphone 14 128gb с гарантией,65000.0,Туркестан,False,2024-12-17,
"IPhone 11, 64 ГБ, за 60 тыс",60000.0,Павлодар,False,2024-12-17,
Продам Iphone 13,160000.0,Алматы,False,2024-12-15,Медеуский район
Iphone 11 128gb с гарантией,35000.0,Атырау,False,2024-12-17,Авангард
iPhone 14 Pro 512 gb Фиолетовый,190000.0,Астана,False,2024-12-17,Алматинский район
Iphone 11 Pro цвет midnight green ). продается,80000.0,Алматы,True,2024-12-17,Алатауский район
Продам Iphone 11,65000.0,Атырау,True,2024-12-16,Авангард
Iphone 11 128gb с гарантией,35000.0,Кокшетау,False,2024-12-17,Первая аптека
Iphone 14 128gb с гарантией,65000.0,Семей,False,2024-12-17,
Продам Iphone 15 Pro,420000.0,Алматы,False,2024-12-15,Алмалинский район
Iphone 12 pro max 256 gb,175000.0,Астана,True,2024-12-15,Есильский район
Iphone Xp 64Gb  Black,75000.0,Уральск,False,2024-12-15,2-й рабочий
Iphone 14 pro 256gb с гарантией,102000.0,Туркестан,False,2024-12-17,
Iphone 12 pro,125000.0,Актобе,False,2024-12-17,микрорайон 11
Iphone 16 pro max,600000.0,Алматы,False,2024-12-15,Турксибский район
Iphone 14 pro 256gb,102000.0,Талдыкорган,False,2024-12-17,Микрорайон 1
iPhone 13 с гарантией,80000.0,Тараз,False,2024-12-17,1-мкр. Акбулак
Iphone 11 128gb с гарантией,35000.0,Туркестан,False,2024-12-17,
Iphone 11 128gb с гарантией,35000.0,Аксу,False,2024-12-17,
Iphone 13 128 gb,170000.0,Павлодар,False,2024-12-17,
iPhone 14 Pro Max 256 gb ёмкость 89%,355000.0,Алматы,False,2024-12-17,Медеуский район
Iphone 12 pro в отличном состояние,160000.0,Алматы,True,2024-12-17,Алатауский район
iPhone X 64Gb б/у,70000.0,Алматы,False,2024-12-16,Алмалинский район
Iphone 13 PRO MAX 128,230000.0,Алматы,True,2024-12-13,Ауэзовский район
Продаю Apple Iphone 14,250000.0,Усть-Каменогорск,False,2024-12-16,45-я аптека
Iphone  13  pro,220000.0,Алматы,True,2024-12-16,Алмалинский район
Iphone 13 128 gb,150000.0,Костанай,False,2024-12-16,
Продам Iphone XR,50000.0,Павлодар,False,2024-12-15,
iPhone 14 Pro Max 256,360000.0,Темиртау,False,2024-12-17,
iphone 12 pro max 128,160000.0,Алматы,True,2024-12-16,Медеуский район
iphone 12 pro max 128,170000.0,Актобе,True,2024-12-17,Батыс 2
Iphone 14pro 256Gb,350000.0,Атырау,False,2024-12-17,Авангард
Iphone 13 128gb компл полный,170000.0,Алматы,False,2024-12-16,Алмалинский район
Продам Iphone 15 Pro Max 256 GB,450000.0,Алматы,False,2024-12-17,Жетысуский район
Iphone 11 128gb цветь белый,90000.0,Актобе,True,2024-12-17,микрорайон 11
Продам iPhone 16 Pro новый 256 гб,660000.0,Усть-Каменогорск,False,2024-12-06,пр.Абая
IPHONE 8 64 gb идеальный,40000.0,Кызылорда,True,2024-11-30,
iPhone 13 128gb обмен есть с вашем доплатой,180000.0,Семей,False,2024-12-17,
Iphone 14 128gb с гарантией,65000.0,Актау,False,2024-12-17,
Продам Iphone Xr 64,45000.0,Абай,True,2024-12-17,
iphone 15 с гарантией,295000.0,Алматы,False,2024-12-17,Алмалинский район
Iphone 11 128gb с гарантией,35000.0,Астана,False,2024-12-17,Алматинский район
iPhone 15 Pro Max 256 gb Акум 99% перекуп не мешат,490000.0,Алматы,False,2024-12-17,Медеуский район
Iphone xs идеальное состояние,46700.0,Костанай,False,2024-12-17,
"Iphone 14 Pro Max, 256 GB, Gold",300000.0,Балыкши,False,2024-12-17,
Iphone 14 pro 256 gb с гарантией,102000.0,Костанай,False,2024-12-17,
Продам Iphone XS 256gb,60000.0,Алматы,False,2024-12-15,Алмалинский район
Iphone 14 128gb с гарантией,65000.0,Костанай,False,2024-12-17,
Iphone 15 promax 512gb,600000.0,Жанашар,False,2024-12-15,
IPhone 16 Pro Max,55000.0,Алматы,False,2024-12-14,Алмалинский район
ЦЕНОПАД Iphone se 11 12 pro 13 14 pro Max 15 Pro Max/РассрочкаГарантия,50000.0,Костанай,False,2024-12-15,
Продам Iphone 11 pro 64g в идеальном состоянии,105000.0,Астана,False,2024-12-17,Алматинский район
Iphone 15pro 256 92% состояние нового,390000.0,Алматы,False,2024-12-17,Бостандыкский район
Iphone 13 128гб Срочно торг уместен,150000.0,Бостандык,True,2024-12-17,
Продаю iphone 7 32гб,17000.0,Шанырак,False,2024-12-17,
iPhone 11 с гарантией,55000.0,Тараз,False,2024-12-17,1-мкр. Акбулак
Iphone 11 128gb с гарантией,35000.0,Талдыкорган,False,2024-12-17,Микрорайон 1
IPhone 15 Pro 128gb акб 100% 43 цикл в идеальном состоянии,300000.0,Алматы,False,2024-12-17,Алмалинский район
Iphone 11 128gb с гарантией,35000.0,Костанай,False,2024-12-17,
Iphone 14 128gb с гарантией,65000.0,Талдыкорган,False,2024-12-17,Микрорайон 1
Aplle IPhone 16 pro max 256gb новый запечатанный,660000.0,Уральск,False,2024-12-17,2-й рабочий
iPhone 14 Pro Max 512gb. Applewatch8 в подарок.,340000.0,Бесагаш,False,2024-12-17,
Iphone 14pro Актив Ломбард 0–0-12 рассрочка,340000.0,Актау,False,2024-12-17,1
iPhone 13 Айфон 13 | ГАРАНТИЯ ГОД,200000.0,Костанай,False,2024-12-16,
Срочно!Продается iphone xr,60000.0,Сауран,True,2024-12-17,
Продам iPhone X 256 gb,60000.0,Костанай,False,2024-12-17,
Iphone 11 128gb с гарантией,35000.0,Павлодар,False,2024-12-17,
Iphone 13 pro max 128 gb,220000.0,Атырау,False,2024-12-16,Авангард
Iphone 14 128gb с гарантией,65000.0,Уральск,False,2024-12-17,2-й рабочий
Iphone 14 с гарантией,225000.0,Алматы,True,2024-12-17,Жетысуский район
Iphone 12mini 64g,105000.0,Нуркен,False,2024-12-17,
Продажа-обмен iPhone 11 128gb,100000.0,Караганда,False,2024-12-17,Казыбекбийский район
Iphone 11 128gb с гарантией,35000.0,Усть-Каменогорск,False,2024-12-17,Микрорайон 22
iphone 13 pro 85%,200000.0,Усть-Каменогорск,True,2024-12-17,45-я аптека
IPhone 15 pro max айфон,510000.0,Костанай,True,2024-12-17,
Iphone 14 pro 512 gb,350000.0,Астана,False,2024-12-15,Есильский район
Новинка!!! Apple iPhone 16 Pro Max/256/512GB/1Tb/Новый! Каспи QR/JMart,660000.0,Алматы,False,2024-12-15,Алмалинский район
Iphone 15 pro max,500000.0,Астана,False,2024-12-17,Есильский район
Продам iPhone 12,110000.0,Темиртау,False,2024-12-17,
"IPhone 12 pro, 128, blue",145000.0,Ушаново,False,2024-12-17,
Iphone 15 black 128 gb,300000.0,Астана,False,2024-12-17,Байконурский
Iphone 14 128gb с гарантией,65000.0,Алматы,False,2024-12-17,Алмалинский район
Iphone 13 Iphone Айфон,140000.0,Уральск,False,2024-12-17,Жигули (Астана)
Iphone 14 128gb с гарантией,65000.0,Тараз,False,2024-12-17,1-мкр. Акбулак
"IPhone 12 pro blue ,в идеале",170000.0,Астана,True,2024-12-17,Нура
Продам Iphone 11,85000.0,Алматы,True,2024-12-17,Алмалинский район
Iphone 14 128gb с гарантией,65000.0,Атырау,False,2024-12-17,Авангард
Продаю Apple Iphone 13,170000.0,Усть-Каменогорск,False,2024-12-16,45-я аптека
iPhone 15 Pro Айфон 15 Про | ГОД ГАРАНТИЯ,405000.0,Костанай,False,2024-12-16,
Быстрая Зарядка Айфон iPhone с коробки,13000.0,Астана,False,2024-12-16,Есильский район
iphone 8+ в идеале,50000.0,Костанай,True,2024-12-16,
Iphone 13 Pro max,280000.0,Алматы,False,2024-12-17,Жетысуский район
Iphone 14 pro 256gb с гарантией,102000.0,Атырау,False,2024-12-17,Авангард
Iphone14 pro max 512gb,350000.0,Мухаметжан Туймебаева,False,2024-12-16,
Iphone 11 128gb с гарантией,35000.0,Петропавловск,False,2024-12-17,
Iphone 14 Pro Max,330000.0,Петропавловск,True,2024-12-17,
iPhone 13 с гарантией,80000.0,Кызылорда,False,2024-12-17,
Iphone 12 pro max 128gb,120000.0,Караганда,False,2024-12-16,Казыбекбийский район
"Продам iPhone 12, 128gb 100%",160000.0,Нуркен,False,2024-12-17,
Iphone 11 128gb с гарантией,35000.0,Темиртау,False,2024-12-17,
iPhone 16 Pro Max в наличии в Алматы,410000.0,Алматы,False,2024-12-15,Алмалинский район
iphone 13 pro 1 tb,350000.0,Усть-Каменогорск,True,2024-12-16,45-я аптека
"Iphone 13, айфон 13, продам срочно",179990.0,Алматы,True,2024-12-16,Бостандыкский район
Iphone 11 256 обмен,0.0,Тараз,False,2024-12-17,1-мкр. Акбулак
"Iphone 13, 256 gb",200000.0,Актобе,False,2024-12-16,микрорайон 11
iPhone 15 256gb памяти,80000.0,Жастар,False,2024-12-17,
Iphone 11 128 гб,90000.0,Актобе,False,2024-12-16,Батыс 2
Iphone 11  с коробкой,90000.0,Актау,True,2024-12-16,12
IPhone 5s сатылады бағасы10000,10000.0,Кентау,True,2024-12-17,
iPhone 13 с гарантией,80000.0,Усть-Каменогорск,False,2024-12-17,Микрорайон 22
Продам iphone XR 64Gb,64990.0,Петропавловск,False,2024-12-17,
iPhone 12 64гб 2022 года,100000.0,Акжар,True,2024-12-17,
Iphone 11 с гарантией черный,200000.0,Атырау,True,2024-12-17,Авангард
"Iphone 13 128gb в идеальном состоянии ,гарантия",200000.0,Усть-Каменогорск,False,2024-12-16,45-я аптека
Iphone 15 pro max,450000.0,Астана,True,2024-12-17,Есильский район
"Iphone 14 Plus 240,000 тг",240000.0,Алматы,False,2024-12-16,Алатауский район
iPhone 13 с гарантией,80000.0,Караганда,False,2024-12-17,Казыбекбийский район
Айфон 12 iphone 12 64gb,70000.0,им.Головацкого,False,2024-12-17,
Продам iPhone 14 Pro 256gb,320000.0,Астана,False,2024-12-16,Алматинский район
Iphone 11 pro max grey,140000.0,Алматы,False,2024-12-16,Бостандыкский район
Продам iphone 13 pro 128 айфон 13 про,235000.0,Костанай,False,2024-12-17,
"Iphone 13, 128gb",180000.0,Алмалы,False,2024-12-17,
"Ремонт телефонов, Ремонт Айфон-IPhone, Ремонт Самсунг-Samsung",0.0,Алматы,False,2024-12-17,Алмалинский район
"Iphone 11, 128,95%",100000.0,Экибастуз,False,2024-12-16,
iPhone 14 Pro  Max 256Gb,380000.0,Алматы,False,2024-12-17,Жетысуский район
iPhone 16 Pro 512GB White Titanium,800000.0,Алматы,True,2024-12-17,Алмалинский район
Iphone 14pro Актив Ломбард 0–0-12 рассрочка,340000.0,Актау,False,2024-12-17,1
Быстрая зарядка Apple iPhone Оригинал Адаптер 20W Айфон,9900.0,Тараз,False,2024-12-17,Золотой квадрат
Iphone 12 pro max 256 gb,175000.0,Астана,True,2024-12-15,Есильский район
Разблокировка любого Iphone без и с Icloud,0.0,Тараз,False,2024-12-17,10-мкр. Аса
Ремонт телефонов круглосуточно 24/7 ремонт samsung iphone oppo redmi,0.0,Астана,False,2024-12-17,Есильский район
iPhone 11pro 64gb.,90000.0,Астана,True,2024-12-16,Алматинский район
Iphone 13 Iphone Apple,150000.0,Уральск,False,2024-12-17,Жигули (Астана)
Iphone Айфон 6s .,0.0,Актау,False,2024-12-17,1
Продам iPhone 11 pro 64гб,100000.0,Бостандык,True,2024-12-17,
Iphone 14 PRO 256 гб,320000.0,Астана,False,2024-12-17,Есильский район
iphone 15 pro max,450000.0,Астана,True,2024-12-16,Есильский район
Продам iphone 15 pro max 512,500000.0,Алматы,False,2024-12-17,Медеуский район
Iphone 12 про 128,180000.0,Атырау,True,2024-12-17,Привокзальный
iPhone 15 Pro Max/ Актив Ломбард/ 0-0-24,560000.0,Актау,False,2024-12-17,1
Iphone 11pro 64GB Айфон 11про 64гб,110000.0,Алматы,False,2024-12-16,Ауэзовский район
Iphone 15 pro. 512GB,550000.0,Шымкент,False,2024-12-16,Аль-Фарабийский район
iPhone 15 pro max 256гб,395000.0,Астана,False,2024-12-17,Нура
iphone 11 сатылады,40000.0,Атырау,False,2024-12-17,Авангард
Iphone 11 64 GB EAC,73000.0,Сауран,True,2024-12-17,
iPhone 13 с гарантией,80000.0,Шымкент,False,2024-12-17,Аль-Фарабийский район
Iphone 12 128гб,110000.0,Нуркен,False,2024-12-17,
iPhone 11  Тез арада сатамын,100000.0,Теренозек,False,2024-12-17,
Продам iPhone 11 pro,40000.0,Алматы,True,2024-12-16,Алмалинский район
Iphone 12.,0.0,Астана,False,2024-11-25,Сарыаркинский район
iphone 16 plus 512 gb,690000.0,Атырау,False,2024-12-17,Нурсая (Болашак)
Iphone 11 в идеальном состояний,75000.0,Кокшетау,False,2024-12-16,Первая аптека
"Iphone 12 pro 128 гб,емкость 74%.",200000.0,Тараз,True,2024-12-17,1-мкр. Акбулак
продам iphone se 2020,20000.0,Семей,False,2024-12-15,
iPhone 15 Pro XR 256 гиг + Адаптер,114000.0,Алматы,False,2024-12-15,Алмалинский район
Iphone 12 pro 128GB,165000.0,Нуркен,True,2024-12-17,
Iphone 14 128gb с гарантией,65000.0,Астана,False,2024-12-17,Алматинский район
iphone 6 space gray,9000.0,Темиртау,True,2024-12-17,
Iphone 14 pro 128 akb 91 в идеале,290000.0,Астана,False,2024-12-17,Алматинский район
Продам IPhone 14 торг,240000.0,Семей,True,2024-12-17,
Iphone 11 /128gb,60000.0,Актау,True,2024-12-17,1
iPhone 11 с гарантией,55000.0,Кызылорда,False,2024-12-17,
Iphone 14 128gb с гарантией,65000.0,Усть-Каменогорск,False,2024-12-17,Микрорайон 22
Iphone 15 pro 512 гб коробка все есть гарантия есть,500000.0,Алматы,False,2024-12-16,Алмалинский район
Iphone 13 pro 128gb,250000.0,Караганда,True,2024-12-17,Казыбекбийский район
Iphone 12 pro max,180000.0,Алматы,False,2024-12-17,Алмалинский район
iPhone 14 PRO 88% 256 GB,310000.0,Астана,False,2024-12-03,Алматинский район
"ОРИГ iPhone 15, 16 Pro XR 256 + ГАРАНТИЯ! (+подарок)",105000.0,Алматы,True,2024-12-16,Ауэзовский район
Продам iphone12,65000.0,Астана,False,2024-12-03,Байконурский
iPhone 15 pro 256 gb с гарантией,410000.0,Алматы,False,2024-12-17,Бостандыкский район
Iphone 15 pro max 256gb в новом состоянии,430000.0,Алматы,False,2024-12-17,Алмалинский район
Iphone 15 pro 512,440000.0,Алматы,True,2024-12-17,Бостандыкский район
iPhone 12 pro 256 gb,155000.0,Уральск,False,2024-12-17,2-й рабочий
Продам iphone 11,120000.0,Алматы,False,2024-12-16,Жетысуский район
Продам iPhone 15,300000.0,Уральск,False,2024-12-17,Микрорайон 6 (Конаева)
iphone 11 чёрный обмен,0.0,Усть-Каменогорск,False,2024-12-17,45-я аптека
Продам iPhone 7 Plus,35000.0,Усть-Каменогорск,False,2024-12-17,45-я аптека
 Apple iPhone 14 Pro Max | 256 gb | Айфон 14 Про Макс,360000.0,Астана,False,2024-12-16,Алматинский район
iPhone 7 Plus 32GB ИДЕАЛ!,35000.0,Алматы,False,2024-12-14,Медеуский район
Продам iphone 15 pro max 512,500000.0,Алматы,False,2024-12-17,Медеуский район
Iphone 14 pro max 256gb,350000.0,Астана,False,2024-12-17,Есильский район
Iphone12 зелёный свет сарапина нет,130000.0,Аксукент,False,2024-12-17,
Продам iphone 11 128 gb,95000.0,Костанай,True,2024-12-17,
iPhone 14 Pro Max 128Gb,310000.0,Алматы,False,2024-12-17,Алмалинский район
"Iphone 13 , 128 .",180000.0,Нура,False,2024-12-16,
iPhone 14 Pro Max 128g,315000.0,Гульдала,False,2024-12-16,
Продам iPhone 13 Pro,250000.0,Степногорск,False,2024-12-17,
IPhone 13 Pro 128 гб,300000.0,Астана,False,2024-12-17,Нура
Iphone XS Max всё работает,65000.0,Актобе,False,2024-12-17,микрорайон 11
Продам iPhone 13 Pro Max 128gb,290000.0,Талдыкорган,False,2024-12-17,Микрорайон 1
IPhone 14 Pro Max,380000.0,Астана,False,2024-12-17,Есильский район
Iphone 14 128gb 95%,235000.0,Нура,True,2024-12-14,
IPHONE 8 64 gb идеальный,40000.0,Кызылорда,True,2024-11-30,
Iphone 14 pro max,330000.0,Караганда,True,2024-12-17,Казыбекбийский район
Айфон 11 iPhone 11 128gb,100000.0,Шымкент,False,2024-12-17,Абайский район
Айфон 14про iPhone 14pro 128gb,320000.0,Шымкент,False,2024-12-17,Абайский район
Iphone 15 с гарантий,275000.0,Тараз,True,2024-12-16,12-мкр. Астана
Iphone 12 pro 94%akb Айфон 12 про,175000.0,Астана,False,2024-12-17,Нура
Iphone 12pro max,111111.0,Шашубай,False,2024-12-17,
"IPhone XS 10/10 состояние, на 64 гб",65000.0,Астана,False,2024-12-17,Алматинский район
Айфон 13 iPhone 13,185000.0,Шымкент,False,2024-12-17,Абайский район
iphone 14 pro 128gb,300000.0,Алматы,False,2024-12-17,Ауэзовский район
Iphone 13 128gb,195000.0,Актау,True,2024-12-17,1
iPhone 16 PRO новый телефон Айфон 16 ПРО 128ГБ у нас в Mobile City,550000.0,Тараз,False,2024-12-16,7-мкр. Самал
Iphone Айфон 15 pro 128 gb б/у 2 месяца акк 100,410000.0,Актобе,False,2024-12-14,микрорайон 11
Смартфон Apple Iphone 11,85000.0,Туркестан,False,2024-12-16,
iphone 12 mini. .,0.0,Семей,False,2024-12-17,
Iphone 11 128Gb. Айфон 11,90000.0,Аксай,False,2024-12-17,
Iphone 11 pro max 64gb,90000.0,Караганда,False,2024-12-17,Казыбекбийский район
iPhone 11 128gb White,99000.0,Алматы,False,2024-12-17,Жетысуский район
Iphone 14 pro 256gb,333000.0,Астана,False,2024-12-16,Есильский район
iPhone 16 с гарантией,125000.0,Тараз,False,2024-12-17,1-мкр. Акбулак
Iphone 13 pro 92%akb Айфон 13 про,225000.0,Астана,False,2024-12-17,Нура
Iphone 13 pro max,320000.0,Алматы,False,2024-12-17,Алмалинский район
iPhone 14 Pro Max 512 gb,385000.0,Алматы,False,2024-12-17,Алмалинский район
iphone 16 black qqpp#,370000.0,Астана,False,2024-12-17,Сарыаркинский район
iphone 11 Pro Срочно или обмен с вашей доплтой на обмен дороже,100000.0,Семей,True,2024-11-22,
Iphone 16 Pro Max 256/100 с коробкой,630000.0,Нуркен,False,2024-12-17,
Iphone 12 mini 128 gb,130000.0,Алматы,True,2024-12-16,Бостандыкский район
Айфон 12 iPhone 12 128gb,135000.0,Шымкент,False,2024-12-17,Абайский район
Iphone 12 pro black 87%  jwkw,145000.0,Астана,False,2024-12-17,Алматинский район
Iphone 12 mini 128gb,140000.0,Акжайык,True,2024-12-17,
Обмен на 15 iphone,0.0,Чапаево,False,2024-12-17,
Продам iPhone 5s,10000.0,Костанай,False,2024-12-17,
Айфон 12проМакс iPhone 12proMax 256gb,200000.0,Шымкент,False,2024-12-17,Абайский район
iPhone 14 promax,180000.0,Байсерке,True,2024-12-17,
Продам iphone 11 128gb,84990.0,Петропавловск,False,2024-12-17,
"iPhone 15, Новый почти, гар. до сент2025 акб100%",330000.0,Астана,False,2024-12-17,Есильский район
"Iphone 14, 128 gb в идеальном состоянии, в подарок 2 чехла",205000.0,Петропавловск,False,2024-12-17,
"Iphone Xr, 128 gb, белый",75000.0,Алматы,False,2024-12-17,Алмалинский район
Iphone 12 pro max 256gb емкость 92%.,230000.0,Актобе,True,2024-12-17,Батыс 2
"Iphone 14 128gb в новом состоянии ,на гарантии",290000.0,Усть-Каменогорск,False,2024-12-16,45-я аптека
Iphone 13 128 гб,270000.0,им.Комекбаева,False,2024-12-16,
iPhone 15 Pro 512 Gb,450000.0,Алматы,False,2024-12-16,Медеуский район
Айфон 11 128гб iPhone,90000.0,Алматы,False,2024-12-17,Алмалинский район
IPhone 14 Pro Max,380000.0,Астана,False,2024-12-17,Есильский район
iphone 12 pro max 256 GB,190000.0,Алматы,False,2024-12-17,Алмалинский район
Продаётся Iphone 13 с памятью 128гб,128000.0,Шымкент,True,2024-12-17,Каратауский район
iPhone 13 256 gb,165000.0,Уральск,False,2024-12-17,2-й рабочий
iPhone 11 с гарантией,55000.0,Шымкент,False,2024-12-17,Аль-Фарабийский район
iPhone 15 Pro Max 256GB,530000.0,Балыкши,True,2024-12-17,
Продам Iphone 13,160000.0,Павлодар,False,2024-12-09,
Iphone 15 pro 128 GB,395000.0,Караганда,False,2024-12-16,Казыбекбийский район
 Apple iPhone 13 Pro | Айфон 13 Про,250000.0,Астана,False,2024-12-16,Алматинский район
IPhone 11/Айфон 11/128ГБ/Как новая/Срочно,90000.0,Астана,False,2024-12-16,Есильский район
iPhone 12 pro max,149000.0,Караганда,True,2024-12-17,Октябрьский район
Ремонт сотовых телефонов Астана на выезд/ Samsung Iphone Xiaomi Huawei,0.0,Астана,False,2024-12-17,Сарыаркинский район
iPhone 11 64GB.,70000.0,Астана,False,2024-12-17,Нура
"Ремонт телефонов Iphone,Samsung,Meizu,Huawei,LG,Xiaomi",0.0,Актобе,False,2024-12-17,Старый город
Iphone SE 32 gb,25000.0,Астана,False,2024-12-17,Сарыаркинский район
Iphone 11 64gb 80% 75.000 оконч,75000.0,Ганюшкино,False,2024-12-17,
Продам новый iPhone 16 в заводской упаковке,985000.0,Алматы,False,2024-12-17,Ауэзовский район
Iphone 11 128gb сатылады жақсы жағдайда,120000.0,Шымкент,True,2024-12-17,Абайский район
"Iphone 12 Pro,128гб +AirPods",140000.0,Павлодар,False,2024-12-17,
Iphone X сатылады каробка бары бар,15000.0,Алматы,False,2024-12-17,Алмалинский район
iPhone 16 pro max 256gb black titanium Версия для США,600000.0,Алматы,False,2024-12-17,Ауэзовский район
Iphone 15 pro 512,440000.0,Алматы,True,2024-12-17,Бостандыкский район
Iphone 15 pro max 512гб,550000.0,Караганда,True,2024-12-16,Казыбекбийский район
iPhone xs 256gb 100%,75000.0,Уральск,False,2024-12-17,2-й рабочий
"iphone 12,pro 128gb,",165000.0,Кызылорда,False,2024-12-17,
Iphone 15 pro 128 g,450000.0,Усть-Каменогорск,False,2024-12-17,45-я аптека
Продается iphone 15 pro max,450000.0,Атырау,False,2024-12-17,Авангард
iPhone 11 с гарантией,55000.0,Караганда,False,2024-12-17,Казыбекбийский район
Iphone 14 Pro 256gb с гарантией,102000.0,Астана,False,2024-12-17,Алматинский район
Продам Iphone 11,120000.0,Костанай,True,2024-12-16,
iPhone 13 Pro Max Green,330000.0,Алматы,True,2024-12-17,Наурызбайский район
Iphone 14 pro 256 gb black,380000.0,Алматы,False,2024-12-17,Бостандыкский район
iPhone 13 | 100% | Айфон 13 | S Finance Lombard,220000.0,Астана,False,2024-12-14,Алматинский район
iphone 11 Pro Срочно или обмен с вашей доплтой на обмен дороже,100000.0,Семей,True,2024-11-22,
Айфон 16 ПРО МАКС новые телефоны у нас iPhone 16 PRO MAX 256GB успей,680000.0,Тараз,False,2024-12-15,7-мкр. Самал
iPhone 16 с гарантией,125000.0,Караганда,False,2024-12-17,Казыбекбийский район
Iphone 7 32gb Rose Gold,25000.0,Нуркен,False,2024-12-17,
iPhone 13 pro 256gb,260000.0,Болтирик шешен,False,2024-12-17,
Iphone 12 mini в хорошем состоянии,140000.0,Астана,True,2024-12-17,Нура
Iphone 14 128 гб,230000.0,Актау,False,2024-12-17,1
"Iphone 11, 64 гб срочно",110000.0,Жезказган,True,2024-12-17,
Iphone 10,45000.0,Алматы,True,2024-12-17,Медеуский район
Iphone 15 pro без каропки,380000.0,Жанаозен,False,2024-12-17,
iPhone 15 green 256ГБ,400000.0,Иргиз,False,2024-12-17,
Iphone 14 pro 256gb с гарантией,102000.0,Аксу,False,2024-12-17,
Новые Iphone 16 128/16 Pro 128/16 Pro Max 256/РАССРОЧКА/ГАРАНТИЯ/Обмен,390000.0,Костанай,False,2024-12-17,
Iphone 13 128GB Айфон 13 128Гб,200000.0,Алматы,False,2024-12-17,Ауэзовский район
Apple Iphone 14pro 128gb сатылады,335000.0,Актау,False,2024-12-15,1
Iphone 14 128gb с гарантией,65000.0,Аксу,False,2024-12-17,
İphone 11 pro в отличном состоянии,140000.0,Астана,False,2024-12-17,Нура
Айфон xr  iphone xr,68000.0,Атырау,False,2024-12-17,Авангард
Продаю iPhone 14/ 256 Gb/ 88% - все оригинал,280000.0,Алматы,True,2024-12-17,Алмалинский район
iPhone 15 512 GB,360000.0,Астана,False,2024-12-17,Алматинский район
Iphone X в хорошем состоянии,45000.0,Актау,True,2024-12-16,1
Новый iPhone 16 128,385000.0,Астана,False,2024-12-16,Нура
Iphone 14 plus айфон 14 плюс + 256гб,255000.0,Алматы,False,2024-12-17,Ауэзовский район
Iphone 11 про макс,120000.0,Иргели,True,2024-12-17,
"Iphone 11, 64 гб",85000.0,Астана,True,2024-12-16,Есильский район
iPhone 16 pro 128 gb. Айфон 16 про,521000.0,Алматы,False,2024-12-16,Алмалинский район
Iphone 13 128gb / Айфон 13 128гб,150000.0,Актау,False,2024-12-15,1
Apple iPhone 15 pro max 256gb 92% AktivMarket,540000.0,Семей,False,2024-12-17,
iPhone 12 blue 64gb,150000.0,Алматы,True,2024-12-17,Алмалинский район
"Скупаю Iphone 16 pro, pro max",800000.0,Алматы,False,2024-12-17,Ауэзовский район
Iphone 11 pro max,120000.0,Экибастуз,True,2024-12-17,
iPhone 14 Pro Max,450000.0,Павлодар,False,2024-12-15,
iPhone 11 pro в отличном состоянии,140000.0,Костанай,False,2024-12-17,
Apple iphone 11 64gb,99990.0,Костанай,False,2024-12-16,
Iphone 13 Pro Max,300000.0,Костанай,True,2024-12-17,
Iphone 11 128gb в идеальном состояний.,110000.0,Бадам,True,2024-12-17,
Айфон Iphone 15 про 256,415000.0,Павлодар,False,2024-12-17,
IPhone 16 Pro Max 256 GB,100000.0,Актау,False,2024-12-16,1
продам iphone se 2020,20000.0,Семей,False,2024-12-15,
"Iphone 11 128gb в идеальном состоянии ,гарантия",135000.0,Усть-Каменогорск,False,2024-12-17,45-я аптека
Iphone 15 Pro Max 256gb,450000.0,Актобе,True,2024-12-16,Батыс 2
"Ремонт телефонов, Дисплеи, Стекло, Iphone Xiaomi Redmi Huawei Samsung",0.0,Алматы,False,2024-12-16,Ауэзовский район
iPhone 15 Pro Max 1 Tb,459000.0,Костанай,True,2024-12-17,
"iPhone 16 pro, айфон",490000.0,Костанай,False,2024-12-17,
iPhone 14 Pro 256 gb ёмкость 83%,305000.0,Алматы,False,2024-12-17,Медеуский район
Продам Iphone 11  128 ГБ,95000.0,Актобе,False,2024-12-17,микрорайон 11
"Ремонт Айфон-IPhone, MacBook, IMac, Apple Watch.",0.0,Алматы,False,2024-12-17,Бостандыкский район
Iphone 12 64GB в идеале,130000.0,Алматы,True,2024-12-17,Бостандыкский район
Iphone 14 pro 256gb,102000.0,Кызылорда,False,2024-12-17,
Iphone 14 pro 256gb с гарантией,102000.0,Актобе,False,2024-12-17,микрорайон 11
Продам Наушники проводные на айфон  iPhone оригинал EarPods.Новый.,10000.0,Астана,False,2024-12-17,Нура
"Айфон 14 про макс 512 гб, iPhone 14 Pro Max 512 GB",440000.0,Астана,False,2024-12-17,Алматинский район
 Apple iPhone 13 Pro | Айфон 13 Про,250000.0,Астана,False,2024-12-16,Алматинский район
IPhone 11 | S Finance market,90000.0,Астана,True,2024-12-16,Сарыаркинский район
Iphone13 с гарантией,220000.0,Щучинск,False,2024-12-15,
ремонт телефонов iphone,0.0,Павлодар,False,2024-12-16,
Iphone 13 Pro идеал,420000.0,Семей,False,2024-12-17,
Iphone 13 идиал,180000.0,Актобе,False,2024-12-16,микрорайон 11
IPhone 13 pro max 128 с коробкой,270000.0,Алматы,False,2024-12-17,Ауэзовский район
"Iphone 13, в нежно розовом цвете, идеальное состояние",170000.0,Астана,False,2024-12-16,Есильский район
"Iphone X 64gb в идеальном состоянии ,гарантия",55000.0,Усть-Каменогорск,False,2024-12-17,45-я аптека
iPhone 13 с гарантией,200000.0,Аксу,False,2024-12-17,
iPhone 12 Pro 256 G,200000.0,Бурыл,True,2024-12-17,
Iphone 8 идеал,32000.0,Алматы,False,2024-12-17,Алмалинский район
iPhone 15 Pro/ Актив Ломбард/ 0-0-24,480000.0,Актау,False,2024-12-17,1
Айфон 11 iPhone 11 КАК НОВЫЙ Астана сотовый телефон,80000.0,Астана,False,2024-12-15,Есильский район
IPhone 15 PRO MAX новые 256гб,585000.0,Тараз,False,2024-12-15,Золотой квадрат
Iphone 8 идеал,32000.0,Алматы,False,2024-12-17,Алмалинский район
Iphone 16 pro Titan 128GB,650000.0,Уральск,True,2024-12-17,2-й рабочий
Iphone 15 pro max 1терабайт dual sim 89%,535000.0,Шымкент,False,2024-12-17,Енбекшинский район
Iphone 15 pro max 512gb новый 5 цикл,585000.0,Шымкент,False,2024-12-17,Енбекшинский район
Iphone 15 pro max 256gb,460000.0,Караганда,False,2024-12-17,Казыбекбийский район
iphone 11 новый,100000.0,Конаев (Капчагай),True,2024-12-17,
Iphone 14 pro max 256 gb,315000.0,Аксай,False,2024-12-17,
iPhone 16 128 Новый,390000.0,Астана,False,2024-12-16,Нура
iPhone 11 продаются,110000.0,Астана,False,2024-12-15,Алматинский район
iPhone 14 Pro gold 256gb,350000.0,Алматы,False,2024-12-17,Бостандыкский район
"Iphone 15 Pro Max 256gb в идеальном состоянии ,на гарантии",485000.0,Усть-Каменогорск,False,2024-12-17,45-я аптека
Айфон 16 128 iPhone 16,384000.0,Алматы,False,2024-12-16,Алмалинский район
"Новый запакованный Iphone 16 Pro Max 256gb ,год гарантии",690000.0,Усть-Каменогорск,False,2024-12-17,45-я аптека
Кабель Lightning / Type-C для iPhone,800.0,Астана,False,2024-12-14,Алматинский район
iPhone 15 pro 256,370000.0,Алматы,True,2024-12-16,Алмалинский район
Продам IPhone 11,110000.0,Балхаш,True,2024-12-17,
Iphone 14 Pro 256gb с гарантией,102000.0,Усть-Каменогорск,False,2024-12-17,Микрорайон 22
Iphone 15 256gb айфон 15 256гб 92%,275000.0,Актау,False,2024-12-17,1
Iphone 15 128gb новый Реал ломбард,330000.0,Алматы,False,2024-12-17,Алмалинский район
Iphone 13 proooo,310000.0,Актау,True,2024-12-17,1
Ремонт iPhone / ремонт айфонов,0.0,Павлодар,False,2024-12-17,
Iphone13 зеленый цвет,180000.0,Астана,False,2024-12-16,Есильский район
"Ремонт телефонов , планшетов , apple iphone , Samsung",0.0,Кокшетау,False,2024-11-28,Первая аптека
Продам IPhone 15 pro max,520000.0,Семей,False,2024-12-17,
Продам IPhone 12 (128gb),120000.0,Усть-Каменогорск,False,2024-12-08,45-я аптека
iPhone xs 256gb 100%,75000.0,Уральск,False,2024-12-17,2-й рабочий
iPhone 13pro max,420000.0,Каменка,False,2024-12-17,
"Ремонт iphone, замена задней крышки телефона айфона",0.0,Алматы,False,2024-12-15,Алмалинский район
"iPhone 11, 128гб",0.0,Шымкент,False,2024-12-17,Енбекшинский район
Продам Iphone 11 pro,130000.0,Актобе,True,2024-12-16,микрорайон 11
IPhone 12 Pro Gold В идеале,150000.0,Петропавловск,False,2024-12-17,
iphone 15 pro max,590000.0,Алматы,False,2024-12-16,Турксибский район
Iphone 15 128gb розовый,305000.0,Петропавловск,True,2024-12-17,
Iphone 12 pro max 256gb емкость 92%.,230000.0,Актобе,True,2024-12-17,Батыс 2
IPhone 12 mini 128гб,110000.0,Муткенова,True,2024-12-17,
IPhone 13 зеленый цвет,189990.0,Шымкент,True,2024-12-17,Енбекшинский район
Iphone 12 pro max 256gb емкость 92%.,230000.0,Актобе,True,2024-12-17,Батыс 2
iPhone 15 Pro/ Актив Ломбард/ 0-0-12,420000.0,Актау,False,2024-12-17,1
iPhone 15 Pro Max+ Аирподс,50000.0,Алматы,True,2024-12-15,Алмалинский район
iPhone 15 pro 256gb natural titanium идеал,425000.0,Алматы,False,2024-12-17,Ауэзовский район
iPhone 15pro обменяю на автомобиль!,0.0,Атырау,False,2024-12-16,Авангард
Iphone Xr 64gb,70000.0,Актау,False,2024-12-16,1
Продам iphone xr 128Gb+наушники airpods,60000.0,Алматы,False,2024-12-17,Жетысуский район
Iphone 15 pro на 256гб,450000.0,Астана,True,2024-12-16,Алматинский район
Замена дисплея Ремонт телефонов iPhone Samsung Айфон Самсунг Андроид,0.0,Астана,False,2024-12-17,Есильский район
Iphone 14 pro/ Актив Маркет,335000.0,Алматы,False,2024-12-17,Алмалинский район
Iphone 14 pro/ Актив Маркет,330000.0,Алматы,False,2024-12-17,Алмалинский район
Iphone 11 64 GB зеленый,60000.0,Астана,True,2024-12-17,Есильский район
Iphone 11 память 128 рассрочка,105000.0,Жезказган,False,2024-12-17,
Iphone 13 pro 128gb akb91% айфон 13,230000.0,Астана,False,2024-12-16,Алматинский район
iPhone 15 Pro Max iPhone 16 Pro Max,55000.0,Караганды,False,2024-12-15,
iphone 15 pro 256 gb,400000.0,Костанай,True,2024-12-15,
зарядка шнур на айфон iphone,2500.0,Алматы,False,2024-11-18,Ауэзовский район
iPhone (айфон) 11 128gb,105000.0,Астана,False,2024-12-17,Сарыаркинский район
iPhone 7 plus 32g/77%,28000.0,Атырау,False,2024-12-17,Авангард
Iphone 11 128gb с гарантией,35000.0,Актау,False,2024-12-17,
Iphone 15 pro max,510000.0,Аксукент,True,2024-12-17,
iPhone 14pro 128gb Gold продам,285000.0,Семей,False,2024-12-16,
EAC iPhone 12 64gb black официальный с гарантией,0.0,Алматы,False,2024-12-17,Ауэзовский район
Iphone 14 128gb с гарантией,65000.0,Павлодар,False,2024-12-17,
IPhone 14 память 128 гб. Можно обмен .,220000.0,Жезказган,False,2024-12-16,
Iphone 13 promax,370000.0,Шымкент,False,2024-12-17,Аль-Фарабийский район
IPhone 12pro max,0.0,Шашубай,False,2024-12-16,
Iphone 16 PRO 1TB BLACK,950000.0,Кайтпас,False,2024-12-15,
Iphone 15 pro max 512гб,550000.0,Караганда,True,2024-12-16,Казыбекбийский район
IPHone 11. 64 gb .,95000.0,Алматы,True,2024-12-17,Бостандыкский район
Продам iphone X 10 256g,70000.0,Акколь,False,2024-12-17,Байконурский район
Apple iphone SE  128gb,35000.0,Шымкент,False,2024-12-17,Абайский район
Iphone 12 pro 128hb,150000.0,Караганда,False,2024-12-17,Казыбекбийский район
Iphone 14 Plus 128 GB 100% | Mobile Zone,260000.0,Астана,False,2024-12-17,Есильский район
Iphone 16 pro max,90000.0,Жамбыл,True,2024-12-17,
Iphone Xs 256 gb Айфон Хс 256 85%,75000.0,Астана,False,2024-12-17,Байконурский
Iphone XS 256gb Gold,90000.0,Костанай,False,2024-12-16,
"iPhone 15 pro, айфон 15 про макс",420000.0,Костанай,False,2024-12-17,
Продам IPhone 14,230000.0,Семей,False,2024-12-17,
"Айфон 14 про макс , Iphone 14 pro max",295000.0,Павлодар,False,2024-11-23,
"Iphone 14 Plus 240,000 тг",240000.0,Алматы,False,2024-12-16,Алатауский район
Apple IPhone 12 Black,110000.0,Усть-Каменогорск,False,2024-12-17,45-я аптека
iPhone 7 black 32,35000.0,Караганда,True,2024-12-17,Казыбекбийский район
iphone 12 pro max blue ##,155000.0,Астана,False,2024-12-17,Сарыаркинский район
iPhone 16 с гарантией,125000.0,Усть-Каменогорск,False,2024-12-17,Микрорайон 22
iPhone 11 с гарантией,55000.0,Усть-Каменогорск,False,2024-12-17,Микрорайон 22
Iphone air pods max 08,7990.0,Сарыкемер,True,2024-12-15,
iPhone 12 в отличном состоянии,135000.0,Лисаковск,True,2024-12-17,
Iphone 12 pro 128 GB,200000.0,Байсерке,True,2024-12-17,
СРОЧНО Iphone 13,190000.0,Кызылорда,True,2024-12-16,
Iphone xr 64 гига,65000.0,Нурмухамеда Есентаева,True,2024-12-17,
Абсолютно новый iPhone 16 Pro Max,240000.0,Караганда,False,2024-12-17,Казыбекбийский район
Iphone 13 256 GB,140000.0,Нуркен,True,2024-12-16,
"Iphone 14 128gb в идеальном состоянии ,гарантия",240000.0,Усть-Каменогорск,False,2024-12-17,45-я аптека
Продам IPhone 13. 128Gb,170000.0,Зыряновск,False,2024-12-16,
Iphone 13 128гб в идеальном состояние,160000.0,Талдыкорган,True,2024-12-17,Микрорайон 1
Iphone 13 pro max 512gb,310000.0,Костанай,True,2024-12-17,
Iphone 13/128gb в идеале,170000.0,Павлодар,False,2024-12-17,
iPhone 14 Pro Max 512 gb Deep Purple,400000.0,Павлодар,False,2024-12-17,
Iphone 12 Pro 128 Айфон 12 Про 128,95000.0,Алматы,False,2024-12-17,Жетысуский район
Айфон 13про iPhone 13pro 266gb,265000.0,Шымкент,False,2024-12-17,Абайский район
iphone se 2020 хорошем состаяни,55000.0,Аса,False,2024-12-17,
Iphone 13 PRO MAX 1TB,290000.0,Тельмана,False,2024-12-17,
"iPhone 8 Gold, 64 GB",42000.0,Нуркен,True,2024-12-17,
Iphone 15 pro max,420000.0,Актау,False,2024-12-16,12
Apple iPhone 15 pro max 256gb 94% Aktivmaket,470000.0,Семей,False,2024-12-17,
iPhone 16 128 Новый,390000.0,Астана,False,2024-12-16,Нура
iPhone/ Актив Ломбард/ 0-0-24,300000.0,Актау,False,2024-12-17,1
Iphone 13 PRO MAX 1TB,290000.0,Тельмана,False,2024-12-17,
"iPhone 8 Gold, 64 GB",42000.0,Нуркен,True,2024-12-17,
Iphone 15 pro max,420000.0,Актау,False,2024-12-16,12
Продам iphone 15 pro,550000.0,Астана,False,2024-12-15,Нура
iPhone 13 256гб зелёный,235000.0,Павлодар,False,2024-12-17,
Iphone 12 Айфон 12,130000.0,Кызылорда,True,2024-12-16,
Iphone 12 pro max 256гб,260000.0,Кызылорда,False,2024-12-17,
iPhone 16 128 Новый,390000.0,Астана,False,2024-12-17,Нура
Iphone 16 pro 256 gb,540000.0,Алматы,False,2024-12-17,Алмалинский район
Продается Iphone 13,230000.0,Семей,False,2024-12-17,
Iphone 13 pro max 95%akb 256gb Айфон 13 про макс,275000.0,Астана,False,2024-12-17,Нура
iPhone 16 PRO новый телефон Айфон 16 ПРО 128ГБ у нас в Mobile City,550000.0,Тараз,False,2024-12-16,7-мкр. Самал
"iPhone 11, 64GB - Идеальное Состояние, Полный Комплект!",105000.0,Кокшетау,True,2024-12-15,Центральный рынок
Продам Iphone 14 pro про,280000.0,Павлодар,False,2024-12-17,
iPhone xc сатылады,80000.0,Тараз,False,2024-12-17,10-мкр. Аса
Iphone 15 256gb новый,380000.0,Караганда,False,2024-12-17,Казыбекбийский район
Iphone X 64 gb 72% белый,60000.0,Астана,False,2024-12-17,Байконурский
Продам Iphone 11 64GB,80000.0,Большой Чаган,True,2024-12-17,
iPhone. 7.  Чёрно-белый 128,10000.0,Алматы,False,2024-12-17,Алмалинский район
Iphone 12 128Gb. Айфон 12,110000.0,Аксай,False,2024-12-17,
iPhone 7 и Redmi 12C,0.0,Сатпаев,False,2024-12-16,
Apple iPhone 13 128GB read,200000.0,Костанай,True,2024-12-17,
Продам iPhone X 64 ГБ в хорошем состоянии,60000.0,Кайтпас,True,2024-12-17,
Applr iPhone 15 pro 128gb 95% AktivMarket,440000.0,Семей,False,2024-12-17,
IPHONE 8 64 gb идеальный,40000.0,Кызылорда,True,2024-11-30,
Iphone 11 pro емкость 90%,140000.0,Актобе,True,2024-12-16,Батыс 2
Iphone 15 pro продам 256гб,420000.0,Нура,False,2024-12-17,
iphone 16 128 гега,420000.0,Шымкент,False,2024-12-17,Аль-Фарабийский район
Iphone 13 128гб в идеальном состояние,160000.0,Талдыкорган,True,2024-12-17,Микрорайон 1
iPhone 12 Pro 128 Идиял,135000.0,Актау,True,2024-12-16,1
Iphone 15 pro max EAC,590000.0,Астана,False,2024-12-17,Есильский район
IPhone 13 Pro 128 gb,235000.0,Алматы,False,2024-12-17,Ауэзовский район
Продам Iphone 15 Pro,340000.0,Актобе,True,2024-12-17,Батыс 2
Продам iPhone 15 на гарантии!,299999.0,Кокшетау,False,2024-12-17,Первая аптека
Iphone 12 pro max,110000.0,Алматы,True,2024-12-17,Жетысуский район
iPhone 16 pro max 256gb Desert titanium,600000.0,Астана,False,2024-12-17,Алматинский район
Iphone 15 Pro Max 256 GB E-SIM,475000.0,Астана,False,2024-12-14,Алматинский район
iPhone 13 Pro Gold 128 gb РАССРОЧКА,300000.0,Павлодар,False,2024-12-15,
Айфон 16 128 гб. IPhone 16 128 gb,384000.0,Алматы,False,2024-12-15,Алмалинский район
Iphone 7 128 gb черный,35000.0,Астана,False,2024-12-16,Байконурский
Iphone 15 128gb,250000.0,Караганда,False,2024-12-16,Казыбекбийский район
Продам IPhone 12 pro 256 gb,180000.0,Жезказган,False,2024-12-17,
iphone 6 32GB в среднем состоянии,18000.0,Сауран,True,2024-12-17,
iPhone 12 pro max,200000.0,Кайтпас,False,2024-12-17,
"Apple iPhone 14 Pro , 256gb , 90% , + AirPods",330000.0,Павлодар,False,2024-12-17,
Продам Iphone 11.,100000.0,Петропавловск,False,2024-12-16,
"Iphone 13, 128 gb",250000.0,Ракуша,False,2024-12-16,
IPhone XR 64GB жағдайы жақсы,35000.0,Кызылорда,True,2024-12-17,
Iphone 13(по поводу цены можно договорится),179999.0,Шымкент,True,2024-12-17,Аль-Фарабийский район
Продам iPhone 12 Pro 256GB Graphite,200000.0,Алматы,False,2024-12-16,Алмалинский район
IPhone 13 GB 128,180000.0,Астана,False,2024-12-16,Есильский район
iPhone 13 pro 1 TB срочно,340000.0,Алматы,False,2024-12-17,Жетысуский район
Iphone 11 Pro 64 Айфон 11 Про 64,85000.0,Алматы,False,2024-12-17,Жетысуский район
iPhone 12 ProMax 128Gb 78% с коробкой в идеале,175000.0,Нуркен,False,2024-12-17,
Телефон iPhone 5 на запчасти,4000.0,Алматы,False,2024-12-17,Алмалинский район
Прдам iphone 11 и apple wath комплектом,205000.0,Кокшетау,False,2024-12-17,Первая аптека
iPhone 13 128gb,250000.0,Алматы,True,2024-12-17,Ауэзовский район
IPhone 11 на 128Gb,97000.0,Экибастуз,True,2024-12-12,
Iphone 11 pro max продам,140000.0,Астана,False,2024-12-17,Есильский район
"iPhone 11 , в хорошем состоянии",110000.0,Тараз,False,2024-12-17,2-мкр. Каратал
iPhone 11 64gb 79000тг,79000.0,Туркестан,True,2024-12-17,
Наушники проводные на айфон iPhone/ Type-C/ Lightning/ Ios,1600.0,Алматы,False,2024-12-17,Бостандыкский район
IPhone 15 Pro Max 512 gb,590000.0,Нуркен,False,2024-12-17,
iPhone 14 Pro/ Актив Ломбард/ 0-0-12,360000.0,Актау,False,2024-12-17,1
IPhone 13 pro акб 89% Айфон 13,220000.0,Астана,False,2024-12-16,Байконурский
Iphone X 256 ГБ идеальное состояние,80000.0,Астана,False,2024-12-17,Есильский район
Продам iPhone 12,70000.0,Караганда,True,2024-12-17,Казыбекбийский район
Айфон 13 Iphone 13,170000.0,Талдыкорган,False,2024-12-17,Микрорайон 3
IPhone 13 Promax 256 Gb,420000.0,Астана,False,2024-12-17,Алматинский район
Iphone 14 plus 256gb,235000.0,Кызылорда,True,2024-12-16,
IPhone 6 в Идеале,25000.0,Павлодар,False,2024-12-17,
Iphone 11 128 GB,125000.0,Каскелен,True,2024-12-17,
IPhone 11 128gb акб92% Айфон 11,95000.0,Астана,False,2024-12-17,Есильский район
Iphone 14 128gb 86%,280000.0,Алматы,True,2024-12-17,Жетысуский район
iPhone 12 Pro | 128Gb,155000.0,Петропавловск,True,2024-12-17,
 Apple iPhone 14 Pro Max | 256 gb | Айфон 14 Про Макс,360000.0,Астана,False,2024-12-16,Алматинский район
iphone 12 pro max 128,160000.0,Алматы,True,2024-12-16,Медеуский район
iPhone 11 Pro Max,125000.0,Астана,False,2024-12-15,Есильский район
"Iphone 12 mini,64гб,75%+AirPods",90000.0,Павлодар,False,2024-12-17,
Продам iPhone 13/128gb,165000.0,Актау,False,2024-12-16,1
iPhone 14,0.0,Астана,False,2024-12-17,Нура
IPhone 12 Pro Max,185000.0,Экибастуз,False,2024-12-17,
IPhone 14 Pro Max,305000.0,Экибастуз,False,2024-12-17,
Iphone 15 pro max/ Актив Маркет,520000.0,Алматы,False,2024-12-17,Алмалинский район
Iphone 12 pro max 256gb,200000.0,Караганда,False,2024-12-17,Казыбекбийский район
Iphone XS Max 256ГБ + airpods 3,100000.0,Павлодар,False,2024-12-17,
Беспроводной микрофон петличка для iPhone + Android,2400.0,Алматы,False,2024-12-17,Бостандыкский район
Iphone 13 новый,250000.0,Темиртау,True,2024-12-14,
"Iphone 15 Pro,Iphone 16pro(внутри XR)256gb",113900.0,Алматы,False,2024-12-16,Турксибский район
Iphone 12 pro max 256,160000.0,Шымкент,False,2024-12-15,Аль-Фарабийский район
iPhone 14 Pro | 91% | Айфон 14 Про | S Finance Lombard,320000.0,Астана,False,2024-12-14,Алматинский район
"iPhone 12 5g 128gb Новый, акб100%",200000.0,Караганда,False,2024-12-17,Казыбекбийский район
Чехлы на Iphone 14ProMax,10000.0,Алматы,False,2024-12-16,Алмалинский район
Продам IPhone 12 pro 256 гб,200000.0,Алматы,False,2024-12-17,Алмалинский район
"Iphone 15 pro max 256 , Айфон 15 про Макс 256",440000.0,Алматы,False,2024-12-17,Ауэзовский район
"Iphone 8 Plus , 64gb , + AirPods",50000.0,Павлодар,False,2024-12-17,
"Iphone Xr, 128 gb, белый",75000.0,Алматы,False,2024-12-17,Алмалинский район
Iphone 13 pro max,280000.0,Караганда,False,2024-12-17,Казыбекбийский район
Iphone 13 256 GB,140000.0,Нуркен,True,2024-12-16,
Iphone 11 в хорошем состоянии,60000.0,Алматы,False,2024-12-17,Ауэзовский район
Iphone 16  Айфон 16,370000.0,Актау,True,2024-12-17,1
iPhone 11 | Айфон 11 | S Finance Lombard,90000.0,Астана,False,2024-12-17,Алматинский район
Продам IPHONE 13 128,180000.0,Тельмана,True,2024-12-16,
iPhone 13 | Starlight | 128GB | Рассрочка 0-0-12| Магазин электроники,179990.0,Алматы,False,2024-12-17,Бостандыкский район
iPhone 16 с гарантией,125000.0,Кызылорда,False,2024-12-17,
Продам Iphone 14,200000.0,Шу,True,2024-12-17,
"iPhone 15, 128 гб",320000.0,Карабулак,False,2024-12-17,
Iphone xr 128 gb,60000.0,Нуркен,True,2024-12-16,
iPhone 13 PRO MAX 126gb черный,230000.0,Семей,False,2024-12-17,
Ремонт телефонов Iphone Samsung Lg Oppo Meziu Huawei Xiaomi,0.0,Актобе,False,2024-12-17,Старый город
Iphone 13 с коробкой,140000.0,Сарыкамыс,False,2024-12-17,
Продам Iphone 11,100000.0,Алматы,True,2024-12-17,Алмалинский район
Новый Iphone 16 pro max 256gb,640000.0,Астана,False,2024-12-17,Есильский район
iPhone 13 pro 1 TB срочно,340000.0,Алматы,False,2024-12-17,Жетысуский район
Iphone 11 Pro 256GB,90000.0,Атырау,False,2024-12-17,Авангард
Айфон 11 про | İphone 11pro,140000.0,им.Жанкожа батыра,False,2024-12-17,
Iphone 11 черный,105000.0,Кайтпас,True,2024-12-17,
iphone 11 black pwp,85000.0,Астана,False,2024-12-17,Сарыаркинский район
Айфон 11 iPhone 11 128gb,110000.0,Шымкент,False,2024-12-17,Абайский район
Iphone 13 идеал .,0.0,Актау,False,2024-12-17,1
"iphone 11, новый почти, акб98, без торга",140000.0,Караганда,False,2024-12-17,Казыбекбийский район
"Iphone 11 128gb в идеальном состоянии ,гарантия",135000.0,Усть-Каменогорск,False,2024-12-17,45-я аптека
Apple iPhone 7plus 128gb 99%,25000.0,Семей,False,2024-12-17,
iPhone 13 Pro 128g,500000.0,Костанай,True,2024-12-17,
Iphone 11 pro max темно-зеленый,150000.0,Астана,False,2024-12-17,Нура
"Iphone 14 pro 256gb, акб 99%",370000.0,Талдыкорган,False,2024-12-17,Микрорайон 1
Продаю Apple Iphone 14,250000.0,Усть-Каменогорск,False,2024-12-16,45-я аптека
Продам IPhone 14 Pro,360000.0,Актобе,True,2024-12-16,Кирпичный
Продам iPhone XS Max Gold 256gb.,87000.0,Астана,True,2024-12-16,Нура
Чехлы на iPhone 10,900.0,Астана,True,2024-12-17,Алматинский район
Iphone 16 PRO 128,580000.0,Алматы,False,2024-12-14,Алмалинский район
iPhone 13 128gb..,140000.0,Усть-Каменогорск,True,2024-12-17,45-я аптека
Iphone 11pro код товара 2660,70000.0,Алматы,True,2024-12-17,Ауэзовский район
Продажа IPHONE 13 Pro Max 255GB,285000.0,Караганда,False,2024-12-17,Казыбекбийский район
"Iphone 12 pro 128gb, айфон 12 про.",169990.0,Алматы,True,2024-12-17,Ауэзовский район
Iphone 11 128gb с гарантией,35000.0,Уральск,False,2024-12-17,2-й рабочий
Iphone 14 Pro 256gb с гарантией,102000.0,Актау,False,2024-12-17,
Iphone 13 pro max,250000.0,Костанай,True,2024-11-25,
Продаю Iphone 7s,25000.0,Жезказган,False,2024-12-17,
 Apple iPhone 13 Pro Max | 256 gb | Айфон 13 Про Макс,270000.0,Астана,False,2024-12-16,Алматинский район
Продаю Apple Iphone 14,240000.0,Усть-Каменогорск,False,2024-12-16,45-я аптека
Iphone 13 128gb Starlight,175000.0,Петропавловск,True,2024-12-16,
Ремонт Телефонов Замена Экрана Айфон /Дисплея/Apple/Iphone/Сотовых,0.0,Астана,False,2024-12-16,Алматинский район
Iphone 15 256gb.,150000.0,Алматы,False,2024-12-17,Алмалинский район
IPhone 13 Pro Max 512 гб ОБМЕН,290000.0,Актобе,False,2024-12-17,микрорайон 11
Iphone 15 pro max 256 blue titanium,450000.0,Алматы,True,2024-12-17,Алмалинский район
Iphone 13 256gb.,100000.0,Алматы,False,2024-12-17,Алмалинский район
Iphone 11 128gb.,55000.0,Алматы,False,2024-12-17,Алмалинский район
Iphone 14 продам,350000.0,Костанай,True,2024-12-16,
Iphone xr 64 gb,65000.0,Астана,False,2024-12-15,Есильский район
Продаю Iphone 6s на 64gb,20000.0,Караганда,True,2024-12-17,Казыбекбийский район
Продается IPHONE 14 pro max,360000.0,Шымкент,True,2024-12-17,Енбекшинский район
Iphone 11/64 гебайт в хорошем состояние,70000.0,Алматы,True,2024-12-17,Алатауский район
Apple Iphone 14pro max 128gb сатылады,350000.0,Актау,False,2024-12-15,1
 Продам iPhone 14 Pro 256Gb !!!,330000.0,Хромтау,False,2024-12-17,
iPhone 14 128GB midnight,0.0,Астана,False,2024-12-17,Есильский район
Продается Iphone 15,300000.0,Темиртау,True,2024-12-17,
Apple iPhone 13. Жезказган мира (517155),145000.0,Жезказган,False,2024-12-17,
Iphone 13 Pro 128 GB | Mobile Zone,210000.0,Астана,False,2024-12-17,Есильский район
Apple iPhone 14. Жезказган мира (518981),175000.0,Жезказган,False,2024-12-17,
"Iphone, 12pro, 13pro, 13, 14pro.",120000.0,Райымбек,False,2024-12-17,
Iphone 15pro 128gb 1sim,380000.0,Сарыкамыс,True,2024-12-17,
iPhone Xr сатам таза усталган,80000.0,Актау,True,2024-12-17,1
Iphone 15 на гарантии,300000.0,Павлодар,True,2024-12-17,
IPhone 14 pro max 512,500000.0,Нуркен,True,2024-12-17,
IPhone 12 pro max 128GB,200000.0,Алматы,False,2024-11-25,Бостандыкский район
"iPhone 16 Plus, APPLE iPhone 16/128gb,Айфон16 ,16 Pro, iPhone 16/128,",409999.0,Алматы,False,2024-12-17,Медеуский район
Iphone 12 pro max 256 gb,175000.0,Астана,True,2024-12-15,Есильский район
Продам Iphone 14 pro max,320000.0,Мичуринское,False,2024-12-17,
IPhone 15 ProMax 256GB akb 91%,430000.0,Актау,False,2024-12-17,10
iPhone (айфон) 13 128gb 88%,160000.0,Астана,False,2024-12-17,Сарыаркинский район
Продам IPhone 15 pro max,520000.0,Семей,False,2024-12-17,
Iphone 14/256gb/91%/0-0-24,350000.0,Актобе,False,2024-12-17,микрорайон 11
Iphone 12 128gb АКБ 80% срочно,100000.0,Петропавловск,True,2024-12-17,
iPhone 13 Midnight 256Gb,250000.0,Костанай,True,2024-12-17,
"iPhone 13, 5g Новый, акб 100%, гар до окт2025",260000.0,Астана,False,2024-12-17,Есильский район
Iphone 15ProMax 256гб серый,470000.0,Актобе,False,2024-12-17,микрорайон 11
Оригинальная беспроводная зарядка на iphone,20000.0,Актау,False,2024-11-30,10
Продается iPhone 15 Pro 128GB,400000.0,Атырау,True,2024-12-16,Авангард
Iphone 13 midnight 128 gb,180000.0,Березовское,True,2024-12-12,
iPhone XR 15 Pro. XR.+ Аирподс,113990.0,Алматы,False,2024-12-16,Алмалинский район
Обмен iphone 15 pro,450000.0,Павлодар,False,2024-12-17,
Iphone 14 128gb с гарантией,65000.0,Кызылорда,False,2024-12-17,
iPhone 11 Pro Max,140000.0,Астана,False,2024-12-17,Нура
Продам Iphone 12,80000.0,Кокшетау,True,2024-12-17,Первая аптека
Зарядка iphone original,10000.0,Актобе,True,2024-12-17,Новый (Жана коныс)
Продам Iphone 13,220000.0,Жезказган,False,2024-12-17,
IPhone 13 (128) blue,195000.0,Караганда,False,2024-12-17,Казыбекбийский район
Iphone 11 Желтым цвете.,90000.0,Туркестан,False,2024-12-17,
IPhone 5 в Алматы,20000.0,Алматы,True,2024-12-17,Алмалинский район
Iphone 5s белого цвета (16Gb),12000.0,Зайсан,False,2024-12-17,
 Apple iPhone 13 Pro | Айфон 13 Про,250000.0,Астана,False,2024-12-16,Алматинский район
iPhone 14 Pro Max | 512 gb | Айфон 14 Про Макс,380000.0,Астана,False,2024-12-17,Алматинский район
Iphone 15 pro max,450000.0,Астана,True,2024-12-17,Есильский район
Чехол Pitaka MagEZ 4 Pro для iPhone 15 Pro Max,25000.0,Астана,True,2024-12-17,Байконурский
iPhone 16 с гарантией,125000.0,Шымкент,False,2024-12-17,Аль-Фарабийский район
Продажа IPHONE 15 Pro 256GB,405000.0,Караганда,False,2024-12-17,Казыбекбийский район
Телефон iPhone 14,190000.0,Караганда,False,2024-12-17,Казыбекбийский район
Продам либо обмен iphone x,40000.0,Уральск,False,2024-12-17,2-й рабочий
Iphone 12 pro max,230000.0,Алматы,False,2024-12-17,Бостандыкский район
 iPhone 11pro max 256gb ru/a gold,130000.0,Уральск,False,2024-12-17,2-й рабочий
Iphone Xs   64gb,72000.0,Атырау,True,2024-12-16,Авангард
Iphone 14 Pro purple - 128gb,329000.0,Алматы,False,2024-12-17,Алмалинский район
iphone 11 pro айфон 11 про,0.0,Актау,False,2024-12-17,1
Дисплей (экран) на iphone  14 pro/14 pro max оригинальный,90000.0,Алматы,False,2024-12-17,Алмалинский район
iPhone 14 Pro 256 GB,310000.0,Астана,True,2024-12-15,Есильский район
İphone 11 pro в отличном состоянии,140000.0,Астана,False,2024-12-17,Нура
 iPhone 11pro max 256gb ru/a gold,130000.0,Уральск,False,2024-12-17,2-й рабочий
Iphone Xs   64gb,72000.0,Атырау,True,2024-12-16,Авангард
Iphone 14 Pro purple - 128gb,329000.0,Алматы,False,2024-12-17,Алмалинский район
iphone 11 pro айфон 11 про,0.0,Актау,False,2024-12-17,1
Iphone 11 Pro 256 GB | Mobile Zone,95000.0,Астана,False,2024-12-17,Есильский район
Чехол афон 15 iphone,1000.0,Алматы,False,2024-12-17,Бостандыкский район
Продам iphone 4s,5000.0,Усть-Каменогорск,False,2024-12-16,45-я аптека
продам чехлы на iPhone 13 от 500 до 1500 тенге,500.0,Касыма Кайсенова,False,2024-12-17,
iphone 12 64gb не был в ремонте есть торг,140000.0,Сатпаев,False,2024-12-17,
Айфон 14 про iPhone 14 pro 128гб,310000.0,Шымкент,False,2024-12-17,Абайский район
iPhone 14 Pro max 256 gb,330000.0,Астана,False,2024-12-12,Есильский район
iPhone 13 PRO MAX 126gb черный,230000.0,Семей,False,2024-12-17,
"iphone 11, новый почти, акб98, без торга",140000.0,Караганда,False,2024-12-17,Казыбекбийский район
Iphone 15 PRO MAX 1 trb,775000.0,Алматы,False,2024-12-17,Алмалинский район
Iphone 13 зеленный с гарантии,190000.0,Семей,False,2024-12-17,
iPhone 11 pro идеальное состояние,90000.0,Кенжеколь,False,2024-12-17,
"Iphone 15 Pro 256gb в новом состоянии ,на гарантии",480000.0,Усть-Каменогорск,False,2024-12-17,45-я аптека
"Iphone 11 pro, 256 Gb",80000.0,Астана,False,2024-12-17,Есильский район
"Iphone 14 pro max, deep purple 256 gb",330000.0,Каргалы,True,2024-12-17,
Apple IPhone 12 Black,110000.0,Усть-Каменогорск,False,2024-12-17,45-я аптека
IPHONE 13 128гб . зелёного цвета.,269999.0,Павлодар,True,2024-12-17,
iPhone 15 Pro Max,500000.0,Атырау,False,2024-12-16,Авангард
Iphone 13 128gb емкость 89%,190000.0,Актобе,True,2024-12-17,Батыс 2
Iphone 15 pro max 512гб,550000.0,Караганда,True,2024-12-16,Казыбекбийский район
"iPhone 16Pro Max , Айфон 16Pro Max , 16 Pro Max,iPhone 16 Pro",623000.0,Алматы,True,2024-12-17,Алмалинский район
Iphone 13 pro 256 gb  83%,235000.0,Астана,False,2024-12-17,Байконурский
"iPhone 13, 128gb, 100% акб",220000.0,Кокшетау,False,2024-12-16,Центр города
iPhone 14 Pro Max 256 gb Акум 89%,355000.0,Алматы,False,2024-12-17,Медеуский район
Iphone 11 128gb с гарантией,35000.0,Тараз,False,2024-12-17,1-мкр. Акбулак
Продам IPHONE 14 PRO 256GB,340000.0,Алматы,False,2024-12-17,Бостандыкский район
Iphone 14 128gb с гарантией,65000.0,Актобе,False,2024-12-17,микрорайон 11
Iphone Xr/красный,70000.0,Акбулак,False,2024-12-17,
Петличка Bluetooth микрофон для блогеров Android и iPhone,10500.0,Атырау,False,2024-12-10,Привокзальный
"Iphone 11, 128gb. Белый",150000.0,Астана,True,2024-12-17,Есильский район
"IPhone 7, черный",20000.0,Костанай,False,2024-12-05,
"Ремонт Iphone,айфон х/11/12 /13pro /рабочие платы/MacBook/батарея",0.0,Астана,False,2024-12-17,Есильский район
Iphone 11pro max,150000.0,Жолбарыса Калшораева,False,2024-12-16,
Iphone 13 pro 96%akb 256gb Айфон 13 про,255000.0,Астана,False,2024-12-17,Нура
iPhone 15 Pro/ Актив Ломбард/ 0-0-24,480000.0,Актау,False,2024-12-17,1
IPhone 13 128gb,190000.0,Нура,False,2024-12-17,
Iphone 12 pro max 256 gb,170000.0,Астана,False,2024-12-17,Нура
Iphone 11 gray 64gb,170000.0,Мичурино,True,2024-12-17,
iPhone 6 рабочий,20000.0,Караганда,False,2024-12-17,Казыбекбийский район
iPhone X в идеале,60000.0,Каскелен,True,2024-12-17,
iPhone 12 mini.,80000.0,Шу,True,2024-12-17,
Iphone 13pro 128gb,220000.0,Алматы,False,2024-12-17,Ауэзовский район
Apple Iphone 15 Pro Max 256 гб,500000.0,Актау,False,2024-12-17,1
Iphone 12 mini 128gb,100000.0,Караганда,False,2024-12-17,Казыбекбийский район
iPhone 11  в идеальном состоянии,99000.0,Павлодар,False,2024-12-16,
Iphone 13 256 GB,140000.0,Нуркен,True,2024-12-16,
iPhone 13 Pro | 256 gb | Айфон 13 Про | S Finance Lombard,260000.0,Астана,False,2024-12-14,Алматинский район
iPhone 15 Pro Max новые 256gb Айфон,595000.0,Тараз,False,2024-12-15,Золотой квадрат
Iphone 14 с гарантия,200000.0,Кокбастау,False,2024-12-17,
Iphone 14 pro max 128gb,300000.0,Кайтпас,False,2024-12-17,
Iphone xs сст идеал,60000.0,Каскелен,True,2024-12-17,
Продам iphone 15 pro max,520000.0,Актобе,True,2024-12-17,микрорайон 11
Iphone 15 pro max 256 gb blue,500000.0,Алматы,False,2024-12-17,Бостандыкский район
iPhone (айфон) 13 256gb 91%,180000.0,Астана,False,2024-12-17,Сарыаркинский район
Продажа IPHONE 15 Pro 256GB,385000.0,Караганда,False,2024-12-17,Казыбекбийский район
Продажа iPhone 13 256GB,195000.0,Алматы,False,2024-12-17,Алмалинский район
"iPhone 15, Новый практически, гар окт2025, акб100%",315000.0,Караганда,False,2024-12-17,Казыбекбийский район
Iphone 16 pro max 256gb новый е сим,600000.0,Караганда,False,2024-12-17,Казыбекбийский район
Продам IPhone 12 (128gb),120000.0,Усть-Каменогорск,False,2024-12-08,45-я аптека
Iphone 13 pro max 512гб,360000.0,Астана,False,2024-12-17,Есильский район
Продам Iphone 14 Pro Max,360000.0,Валиханово,True,2024-12-07,
Iphone 11 128gb,130000.0,Павлодар,True,2024-12-17,
IPhone 15 Pro MAX,500000.0,Шашубай,False,2024-12-17,
iPhone 12 Pro 256gb(есть рассрочка),150000.0,Алматы,True,2024-12-17,Ауэзовский район
зарядка на айфон адаптер шнур iphone,1500.0,Алматы,False,2024-11-28,Ауэзовский район
Продажа iPhone 16 Pro Max 256GB,655000.0,Алматы,False,2024-12-17,Алмалинский район
iPhone 11 black 64Gb,120000.0,им.Жанкожа батыра,False,2024-12-17,
Iphone 11 64gb черный,105000.0,Кокшетау,False,2024-12-16,Первая аптека
Кабель шнур питания iPhone 15,4000.0,Алматы,False,2024-12-15,Алмалинский район
iPhone (айфон) 13 Pro 128gb,210000.0,Астана,False,2024-12-17,Сарыаркинский район
Iphone 14 pro черный,450000.0,Тараз,True,2024-12-17,3-мкр. Жайлау
iPhone 11 | 128 GB | Black | Рассрочка,89990.0,Алматы,False,2024-12-17,Бостандыкский район
iPhone 14 Pro Max 512 gb,385000.0,Алматы,False,2024-12-17,Алмалинский район
продам iphone 13 pro max 512gb,300000.0,Астана,False,2024-12-15,Есильский район
Iphone 15 Pro Max 256 GB 100%,490000.0,Алматы,False,2024-12-17,Ауэзовский район
Iphone 14 128gb с гарантией,65000.0,Петропавловск,False,2024-12-17,
Iphone 15 pro max,450000.0,Астана,True,2024-12-17,Есильский район
iphone 11 с гарантией,130000.0,Талдыкорган,False,2024-12-17,Микрорайон 1
Iphone 11 128gb с гарантией,35000.0,Кызылорда,False,2024-12-17,
"iPhone 15 128ГB/Айфон 15/РАССРОЧКА ДО 60 МЕСЯЦЕВ/""Лидер Ломбард""",285000.0,Алматы,False,2024-12-17,Алмалинский район
Iphone 14 128 gb,200000.0,Темиртау,False,2024-12-17,
"iPhone 11 128Gb, Айфон 11",110000.0,Кызылорда,False,2024-12-16,
IPhone 14 ProMax 256Gb Purple,370000.0,Алматы,False,2024-12-17,Бостандыкский район
Iphone 12 в идеальном состояний,140000.0,Актау,True,2024-12-17,1
Iphone 14 Pro Max 256gb белый,330000.0,Алматы,True,2024-12-16,Алмалинский район
Айфон xr  iphone xr,68000.0,Атырау,False,2024-12-17,Авангард
 Apple iPhone 14 | Айфон 14,220000.0,Астана,False,2024-12-16,Алматинский район
iphone 11 128 gb 83% белый,105000.0,Астана,False,2024-12-16,Байконурский
Продам iphone 12 pro max 512gb,209990.0,Петропавловск,False,2024-12-17,
Iphone 13 256gb 87%,185000.0,Астана,True,2024-12-17,Алматинский район
Iphone 15 pro 512 gb документ коробка есть гарантия есть акб 100,490000.0,Алматы,False,2024-12-17,Бостандыкский район
"Iphone 14 Pro 512гб с гарантией, Айфон 14 про",380000.0,Алматы,True,2024-12-17,Турксибский район
iPhone SE  black 2020 64Gb,60000.0,Актобе,False,2024-12-16,микрорайон 11
iphone 11  на 128 гб,60000.0,Усть-Каменогорск,True,2024-12-17,Бульвар Гагарина
Iphone 13 pro max,260000.0,Алматы,True,2024-12-17,Медеуский район
Чехол на IPhone 8,1200.0,Нуркен,False,2024-12-17,
Iphone 13 128 GB 90% | Mobile Zone,150000.0,Астана,False,2024-12-17,Есильский район
"iPhone 13 Pro Max 128ГB/""Лидер Ломбард"" РАССРОЧКА ДО 60 МЕСЯЦЕВ",275000.0,Алматы,False,2024-12-17,Алмалинский район
iPhone 11 pro max 256гб,140000.0,Костанай,True,2024-12-17,
Apple/ iPhone 16 про 256 GB Desert,630000.0,Алматы,True,2024-12-16,Алмалинский район
Пролается iphone 14 plus 256gb,230000.0,Караганда,False,2024-12-17,Казыбекбийский район
iPhone 13 pro Max,440000.0,Узынагаш,False,2024-12-17,
Iphone 14 Pro Max 512G,330000.0,Алматы,False,2024-12-17,Алмалинский район
"Apple iPhone 13 , 128gb , 89%, + AirPods",190000.0,Павлодар,False,2024-12-17,
Iphone 7+ 32Gb. Цвет чорный,59999.0,Алматы,False,2024-12-17,Алмалинский район
"Iphone 15 pro,128gb,100%+AirPods",440000.0,Павлодар,False,2024-12-17,
Iphone 12 128 Gb,115000.0,Уральск,False,2024-12-17,2-й рабочий
"Iphone XR , 64 GB, Black. АКБ 90 %",80000.0,Нуркен,True,2024-12-17,
Iphone 13 PRO 256gb в отличном состоянии,270000.0,Алматы,False,2024-12-17,Бостандыкский район
Iphone 12 128/81% с Гарантией!,120000.0,Шымкент,False,2024-12-17,Абайский район
Iphone 15 pro max 512гб,550000.0,Караганда,True,2024-12-16,Казыбекбийский район
iPhone 12 Pro Max 128 GB,180000.0,Астана,False,2024-12-05,Алматинский район
iPhone 13 pro 128gb 84%,235000.0,Уральск,False,2024-12-17,2-й рабочий
"Iphone 12,64gb,81%+AirPods",115000.0,Павлодар,False,2024-12-17,
"Iphone X, продам в отличном состоянии",170000.0,Петропавловск,True,2024-12-16,
IPHONE 12 белый 64гб,130000.0,Чапаево,False,2024-12-17,
Iphone 14 pro max 1 tb,500000.0,Павлодар,False,2024-12-17,
Чехлы для Айфона/ Iphone Native Union case/ Case Airpods pro/ Чехол,50000.0,Жарсуат,False,2024-12-16,
Зарядный кабель с магнитной головкой для iPhone. Ток 3А. Угол360*+180*,2000.0,Алматы,False,2024-12-17,Ауэзовский район
Продам Iphone 14 pro 128gb в сером цвете,340000.0,Алматы,True,2024-12-17,Алмалинский район
Чехлы на IPhone (MagSafe),1500.0,Нуркен,False,2024-12-17,
"Iphone 11, 128GB white",120000.0,Ушарал,True,2024-12-17,
IPhone 11 64GB,80000.0,Экибастуз,True,2024-12-12,
iphone 12 pro max 128,160000.0,Алматы,True,2024-12-16,Медеуский район
iPhone 15pro 256гбт черный,430000.0,Актау,False,2024-12-14,1
iphone 15 pro 256 gb,400000.0,Костанай,True,2024-12-15,
Iphone15 шнур зарядка Vietnam,4990.0,Алматы,False,2024-12-15,Алмалинский район
Iphone 16 pro 256gb новый,590000.0,Караганда,False,2024-12-17,Казыбекбийский район
Телефон iphone 11 128 gb 83%,110000.0,Астана,False,2024-12-17,Байконурский
Iphone 14 белый 128 gb 89%,205000.0,Астана,False,2024-12-17,Байконурский
Iphone 13 pro 256Gb,300000.0,Петропавловск,True,2024-12-16,
Продается Iphone 12 pro 128 Gb,200000.0,Кызылорда,True,2024-12-17,
Iphone 13 pro 256gb,200000.0,Караганда,False,2024-12-17,Казыбекбийский район
Айфон 12про iPhone 12pro 256gb,165000.0,Шымкент,False,2024-12-17,Абайский район
Продажа IPHONE 13 Pro Max 128GB,285000.0,Караганда,False,2024-12-17,Казыбекбийский район
"Айфон 13 256гб, iphone 13 256gb blue в отличном состоянии",185000.0,Семей,True,2024-12-17,
Vivo X200 Pro 16/1Тб Titanium. Или обмен на iPhone 16 Pro Max,569000.0,Караганда,True,2024-12-17,Казыбекбийский район
iPhone 13 на 512 GB,220000.0,Алматы,True,2024-11-25,Ауэзовский район
Apple Iphone 14pro max 128gb сатылады,350000.0,Актау,False,2024-12-15,1
iPhone (айфон) 11 128gb,90000.0,Астана,False,2024-12-17,Сарыаркинский район
Продам iPhone 12 Pro 256GB Graphite,200000.0,Алматы,False,2024-12-16,Алмалинский район
IPhone 14 pro аригинал,530000.0,Астана,True,2024-12-17,Алматинский район
Iphone 11 в белом цвете,100000.0,Кызылорда,False,2024-12-05,
Продам Iphone 13 128gb,200000.0,Еркин,True,2024-12-17,
Продам новый iPhone 14,300000.0,Костанай,True,2024-12-17,
Iphone 12 pro 128 gb,0.0,им.Балуана Шолака,False,2024-12-17,
Iphone 7 plus 32 gb на запчас,22222.0,Гульдала,False,2024-12-17,
Продам Iphone 15 pro 128gb,500000.0,Алматы,True,2024-12-17,Алмалинский район
адаптер20W iphone зарядка айфон,5990.0,Алматы,False,2024-12-04,Ауэзовский район
iPhone 14 Pro | 91% | Айфон 14 Про | S Finance Lombard,320000.0,Астана,False,2024-12-14,Алматинский район
iPhone 14 Pro/ Актив Ломбард/ 0-0-12,360000.0,Актау,False,2024-12-17,1
iPhone 16 Pro Max в наличии в Алматы,410000.0,Алматы,False,2024-12-15,Алмалинский район
Продам Iphone 13 128gb,200000.0,Еркин,True,2024-12-17,
Продам новый iPhone 14,300000.0,Костанай,True,2024-12-17,
Iphone 12 pro 128 gb,0.0,им.Балуана Шолака,False,2024-12-17,
Iphone 7 plus 32 gb на запчас,22222.0,Гульдала,False,2024-12-17,
Продам Iphone 15 pro 128gb,500000.0,Алматы,True,2024-12-17,Алмалинский район
адаптер20W iphone зарядка айфон,5990.0,Алматы,False,2024-12-04,Ауэзовский район
iPhone (айфон) 12 Pro 256gb,170000.0,Астана,False,2024-12-17,Сарыаркинский район
IPhone 11 64G Емкость 71%,160000.0,Кызылорда,True,2024-12-17,
Iphone 11 128гб. обмен,0.0,Шахтинск,False,2024-12-17,
Iphone XR 64gb идеал!,60000.0,Алматы,True,2024-12-17,Алмалинский район
iPhone xs 256gb 100%,75000.0,Уральск,False,2024-12-17,2-й рабочий
Iphone 16 Pro Max 256/100 с коробкой,630000.0,Нуркен,False,2024-12-17,
iPhone 12 Pro Max Айфон 12 Про Макс | КАСПИ ЖУМА | KASPI JUMA,200000.0,Костанай,False,2024-12-16,
Iphone USB-C 20w Adspter,7000.0,Павлодар,True,2024-12-01,
Iphone 15pro 256gb,465000.0,Лисаковск,False,2024-12-17,
"iPhone 15, 128GB",400000.0,Балыкши,False,2024-12-17,
Iphone 7 plus 32 GB,40000.0,Астана,False,2024-12-17,Алматинский район
Чехол на Vivo v29 и на iPhone XR,3500.0,Байзак,False,2024-12-15,
Iphone 16 pro max 512 titanium,900000.0,Каргалы,True,2024-12-17,
IPhone 15 pro max айфон,510000.0,Костанай,True,2024-12-17,
"Деньги за iphone, ноутбук, смартфон, инструмент/Империя залогов",0.0,Костанай,False,2024-12-17,
iPhone 11 с коробкой,100000.0,Астана,False,2024-12-17,Есильский район
Iphone 15 Pro Max 512 GB с гарантией на год,630000.0,Жумыскер,False,2024-12-17,
iPhone 15 Pro Max.+Аирподс Подарок,55000.0,Алматы,True,2024-12-16,Алмалинский район
Samsung S24 Ultra. iPhone 15 Pro Max.,50000.0,Алматы,True,2024-12-15,Алмалинский район
"Iphone 13 Pro 128gb в идеальном состоянии ,гарантия",275000.0,Усть-Каменогорск,False,2024-12-16,45-я аптека
Продам Iphone12,125000.0,Алматы,True,2024-12-17,Ауэзовский район
Чехол iphone 15 pro max,1200.0,Алматы,False,2024-12-17,Ауэзовский район
Iphone 11 на запчасти,30000.0,Рудный,True,2024-12-17,
Дисплей (экран) на iphone  14 pro/14 pro max оригинальный,90000.0,Алматы,False,2024-12-17,Алмалинский район
Продажа iPhone 15 128GB,285000.0,Темиртау,True,2024-12-17,
"Iphone 14 128gb в идеальном состоянии ,гарантия",240000.0,Усть-Каменогорск,False,2024-12-17,45-я аптека
"Iphone 11, 128гб",110000.0,Усть-Каменогорск,False,2024-12-17,45-я аптека
iPhone 11 pro max / Tehnoaltyn / Рассрочка,90000.0,Алматы,False,2024-12-17,Алмалинский район
Iphone 14 pro max,390000.0,Актау,False,2024-12-16,18
iphone xr.,65000.0,Атырау,False,2024-12-10,Авангард
IPHONE 8 64 gb идеальный,40000.0,Кызылорда,True,2024-11-30,
Продам Iphone 14 Pro Max,360000.0,Валиханово,True,2024-12-07,
"Iphone 16 pro max, 256, desert titanium",500000.0,Семей,False,2024-12-16,
Iphone 13 128GB Айфон 13 128Гб,200000.0,Алматы,False,2024-12-17,Ауэзовский район
зарядка на айфон шнур адаптер20W iphone,3500.0,Алматы,False,2024-12-15,Ауэзовский район
Iphone 15 pro max 256,550000.0,Акжарма,False,2024-12-17,
Продам или обмен Iphone X,110000.0,Экибастуз,False,2024-12-17,
Продажа iPhone 12 Pro 128GB,180000.0,Темиртау,True,2024-12-17,
"iPhone XS, состояние 10/10 на 64 гб",65000.0,Астана,False,2024-12-17,Алматинский район
Iphone 16 Pro Max 1 TB Lux,70000.0,Астана,True,2024-12-17,Сарыаркинский район
Iphone 13 128/Айфон 13,179580.0,Костанай,False,2024-12-17,
Коженный чехол на iphone 15 pro,4500.0,Кокпекты,True,2024-12-17,
Iphone 7+ Срочно,26000.0,Кызылорда,True,2024-12-10,
Vivo X200 Pro 16/1Тб Titanium. Или обмен на iPhone 16 Pro Max,569000.0,Караганда,True,2024-12-16,Казыбекбийский район
Чехлы на IPhone (MagSafe),1500.0,Нуркен,False,2024-12-17,
Iphone 11 | AS STORE,100000.0,Астана,False,2024-12-12,Алматинский район
Продаю iPhone 14 Pro,320000.0,Усть-Каменогорск,True,2024-12-16,45-я аптека
Iphone 13 акб 99 продам,205000.0,Шымкент,False,2024-12-16,Аль-Фарабийский район
iPhone 13 PRO MAX 256 Gb,255000.0,Нуркен,False,2024-12-17,
Iphone 15 pro max  китаи,40000.0,Гульдала,True,2024-12-17,
Iphone 11 128g 92%акб,120000.0,Нуркен,False,2024-12-17,
IPhone 7 сатылады,40000.0,Актобе,False,2024-12-17,микрорайон 11
Продам iPhone 11,115000.0,Петропавловск,True,2024-12-17,
iPhone 13 pro 128gb 84%,235000.0,Уральск,False,2024-12-17,2-й рабочий
адаптер20W на айфон iphone,3490.0,Алматы,True,2024-11-29,Алмалинский район
Чехол Iphone 13pro,500.0,Сауран,False,2024-12-14,
"Iphone 13 128gb в идеальном состоянии ,гарантия",200000.0,Усть-Каменогорск,False,2024-12-16,45-я аптека
"Iphone 11 Pro 512gb в идеальном состоянии ,гарантия",175000.0,Усть-Каменогорск,False,2024-12-16,45-я аптека
iPhone 15 Pro Max/ Актив Ломбард/ 0-0-24,560000.0,Актау,False,2024-12-17,1
Продам Iphone 12,150000.0,Кызылжар,True,2024-12-14,
IPhone 11 Красный,150000.0,Гульдала,True,2024-12-17,
Продам Iphone XR 128 Gb в ИДеале,95000.0,Костанай,True,2024-12-17,
iPhone 13 обмен есть с вашем доплатой,235000.0,Семей,True,2024-12-16,
Продам или обмен Iphone 15 256GB,370000.0,Семей,False,2024-12-17,
Iphone 11 128Gb 75% (BLACK),85000.0,Каскелен,False,2024-12-17,
Iphone 14 pro 256Gb рассрочка,290000.0,Жезказган,False,2024-12-17,
Айфон 12про iPhone 12pro 256gb,185000.0,Шымкент,False,2024-12-17,Абайский район
IPhone 15 мини.,25000.0,Павлодар,False,2024-12-16,
Продажа iPhone 13 128GB,170000.0,Темиртау,True,2024-12-17,
Iphone 12 64 gb в хорошем состоянии,110000.0,Болтирик шешен,False,2024-12-15,
iPhone 13 128 GB,185000.0,Астана,True,2024-12-15,Есильский район
iPhone 16 128gb,100000.0,Алматы,False,2024-12-16,Жетысуский район
Смартфон  Apple Iphone 15 pro,420000.0,Талас,False,2024-12-17,
iphone 14 plus black ##,235000.0,Астана,False,2024-12-17,Сарыаркинский район
Чехлы на iphone 11,3000.0,Тельмана,False,2024-12-08,
Iphone 13 128 GB | Mobile Zone,155000.0,Астана,False,2024-12-17,Есильский район
Продам срочно iPhone 6,25000.0,Конаев (Капчагай),False,2024-12-17,
Iphone 11pro код товара 2629,115000.0,Алматы,True,2024-12-17,Ауэзовский район
Зарядка Iphone 15 шнур таипси,12000.0,Астана,False,2024-11-22,Алматинский район
Продажа IPHONE 11 Pro 64Gb,105000.0,Караганда,False,2024-12-17,Казыбекбийский район
Корпус iphone 14pro,18000.0,Усть-Каменогорск,False,2024-12-16,45-я аптека
Продам IPhone 6s,27000.0,Семей,True,2024-12-17,
IPHONE 8 64 gb идеальный,40000.0,Кызылорда,True,2024-11-30,
iPhone 14/ Актив Ломбард/ 0-0-24,250000.0,Актау,False,2024-12-17,1
Iphone 15 pro max 256,480000.0,Шымкент,False,2024-12-03,Аль-Фарабийский район
Iphone 13 новый,300000.0,Алгабас,True,2024-12-16,
Парфюм. Розыгрыш iphone 16 pro,25000.0,Алматы,False,2024-12-17,Алмалинский район
Iphone 11 64гб срочно,60000.0,Актау,True,2024-12-17,1
"Замена экрана, стекла, задней крышки и батареи на IPhone с гарантией",0.0,Уральск,False,2024-12-16,Центральный рынок
iPhone 12 64Gb.,89900.0,Алматы,False,2024-12-17,Алмалинский район
apple наушник кабель iphone 15,3490.0,Алматы,False,2024-11-19,Ауэзовский район
Iphone 11 память 128 рассрочка,85000.0,Жезказган,False,2024-12-17,
Iphone 15 pro max китай,20000.0,Алматы,False,2024-12-17,Бостандыкский район
Продам iphone x 64gb,55000.0,Астана,True,2024-12-17,Сарыаркинский район
Iphone 12 pro 128GB в отличном состоянии,200000.0,Астана,False,2024-12-17,Есильский район
Apple Iphone 14pro max 256gb сатылады,385000.0,Актау,False,2024-12-15,1
Айфон iPhone 14 ProMax128 в рассрочку без пенсионки  в Караганде,656000.0,Караганда,False,2024-12-16,Казыбекбийский район
"Новые iphone 13, Оригинал по самым низким ценам",265000.0,Тараз,True,2024-12-17,Золотой квадрат
Iphone 15 pro max китай,20000.0,Алматы,False,2024-12-17,Бостандыкский район
Продам iphone x 64gb,55000.0,Астана,True,2024-12-17,Сарыаркинский район
Iphone 12 pro 128GB в отличном состоянии,200000.0,Астана,False,2024-12-17,Есильский район
Срочный ремонт телефонов любой сложности Apple iPhone Айфон Андроид,0.0,Астана,False,2024-12-17,Есильский район
IPHONE 15 pro max,550000.0,Кайтпас,True,2024-12-17,
чехол на iphone xs max,1600.0,Караганда,True,2024-12-11,Казыбекбийский район
iphone 15 pro max 256 gb,600000.0,Туркестан,True,2024-12-17,
iPhone i16 pro max,60000.0,Алматы,False,2024-12-17,Ауэзовский район
"IPhone 15 ,128 Гб, черный.",380000.0,Шымкент,False,2024-12-17,Енбекшинский район
iphone 14 Pro Max 512 gb,400000.0,Костанай,False,2024-12-17,
"iPhone 16 Pro 256gb Айфон 16 Pro 256,iPhone16Pro , 16Pro ,iPhone 16Pro",528000.0,Алматы,True,2024-12-16,Алмалинский район
Iphone 12 pro max 256 gb,175000.0,Астана,True,2024-12-15,Есильский район
iPhone 12 Pro Max Айфон 12 Про Макс | КАСПИ ЖУМА | KASPI JUMA,200000.0,Костанай,False,2024-12-16,
чехлы на iphone 14pro,2000.0,Нуркен,True,2024-12-16,
Продажа IPHONE 13 Pro 128Gb,245000.0,Караганда,False,2024-12-17,Казыбекбийский район
Iphone 7 память 32 гига,20000.0,Алматы,False,2024-12-17,Турксибский район
IPhone 15pro 512,599000.0,Алматы,False,2024-12-17,Бостандыкский район
iphone 15 black ##,290000.0,Астана,False,2024-12-17,Сарыаркинский район
Iphone 11 pro айфон 11 про,100000.0,Тараз,True,2024-12-17,11-мкр. Жансая
Iphone 11 хороший состояние,90000.0,Усть-Каменогорск,True,2024-12-17,45-я аптека
iPhone (айфон) 13 128gb,160000.0,Астана,False,2024-12-17,Сарыаркинский район
Наушник  от IPhone,6500.0,Алматы,False,2024-12-04,Ауэзовский район
Айфон 13 Про Макс / Iphone 13 Pro Max,250000.0,Алматы,True,2024-12-17,Алмалинский район
Iphone 12 pro 128 gb. Обмен не интересует,170000.0,Тараз,False,2024-12-16,10-мкр. Аса
Новинка!!! Apple iPhone 16+ 128/256/512GB/Новый! Каспи QR/JMart,480000.0,Алматы,False,2024-12-15,Алмалинский район
iPhone 13 Айфон 13 | ГАРАНТИЯ ГОД,200000.0,Костанай,False,2024-12-16,
Айфон 11 iPhone 11,80000.0,Алматы,False,2024-12-17,Бостандыкский район
Айфон 14 Про Макс / Iphone 14 Pro Max,360000.0,Алматы,True,2024-12-17,Алмалинский район
Айфон 15 Про Макс / Iphone 15 Pro Max,380000.0,Алматы,True,2024-12-17,Алмалинский район
Iphone XR память 64 рассрочка,49990.0,Жезказган,False,2024-12-17,
"Продажа продукции Apple, Iphone 14 pro",520000.0,Алматы,False,2024-12-17,Жетысуский район
Продам чехлы на iphone 14 pro max,2490.0,Кокшетау,True,2024-12-17,Первая аптека
Быстрая замена дисплея Apple iPhone Андроид телефоны всех моделей,0.0,Астана,False,2024-12-17,Есильский район
Iphone XR 64GB б/у состояние,100000.0,Алматы,True,2024-12-17,Алмалинский район
Чехол iphone 11,300.0,Астана,False,2024-12-09,Алматинский район
"Чехол , iphone x",2500.0,Алматы,False,2024-11-27,Алмалинский район
Iphone 15 pro max,500000.0,Астана,False,2024-12-12,Алматинский район
Iphone 13 pro 256 gb  83%,235000.0,Астана,False,2024-12-17,Байконурский
iPhone 15 Pro Айфон 15 Про | ГОД ГАРАНТИЯ,405000.0,Костанай,False,2024-12-16,
Iphone 13 pro max 256gb,270000.0,Тараз,False,2024-12-17,1-мкр. Акбулак
iPhone 13 128GB.,200000.0,Астана,False,2024-12-17,Нура
Продам iPhone 5s,10000.0,Уштобе,False,2024-12-17,
IPhone 12pro max,0.0,Шашубай,False,2024-12-16,
iPhone 14 • 128Gb •Актив Маркет•,200000.0,Павлодар,False,2024-12-17,
Чехол на Iphone 12,250.0,Костанай,False,2024-12-01,
IPhone 14 pro 256,340000.0,Алматы,False,2024-12-17,Алмалинский район
iphone 15 pro max natural titan e-sim #,440000.0,Астана,False,2024-12-17,Сарыаркинский район
Iphone 15 pro max 256gb,550000.0,Кызылорда,False,2024-12-16,
iPhone SE 2020 красный б/у,80000.0,Астана,False,2024-12-17,Есильский район
"iPhone 16. iPhone 16 Pro Max 16Pro Max, 16 Pro Max, iPhone 16Pro",649000.0,Алматы,False,2024-12-17,Алмалинский район
iphone 14 Pro Max,0.0,Астана,False,2024-12-17,Есильский район
Iphone 13 128gb / Айфон 13 128гб,150000.0,Актау,False,2024-12-15,1
"iPhone 16 pro 512, 1 год гарантии",700000.0,Алматы,False,2024-12-17,Алмалинский район
iPhone 11 PRO в хорошом состоянии,155000.0,Усть-Каменогорск,False,2024-12-17,45-я аптека
iPhone (айфон) 15 Pro 256gb,380000.0,Астана,False,2024-12-17,Сарыаркинский район
"Iphone 12 pro 128 гб,емкость 74%.",200000.0,Тараз,True,2024-12-17,1-мкр. Акбулак
iPhone 14 в хорошем состоянии,290000.0,Экибастуз,False,2024-12-17,
Айфон 13 про iPhone 13 pro 128gb,255000.0,Шымкент,False,2024-12-17,Абайский район
Продам IPhone 11 Pro Max,250000.0,Талдыкорган,True,2024-12-17,Еркин
Iphone 12 Pro 128Gb состояние идеальное,200000.0,Петропавловск,False,2024-12-17,
Iphone 11 Pro смартфон,100000.0,Сарань,False,2024-11-23,
Чехлы на Iphone,500.0,Алматы,True,2024-11-25,Ауэзовский район
Снижение цены/РАССРОЧКА/Гарантия/Apple Iphone Samsung Redmi Oppo Vivo,25000.0,Костанай,False,2024-12-16,
Iphone 14 pro max,350000.0,Караганда,False,2024-12-16,Казыбекбийский район
iPhone 11 4/64gb в идеальном состоянии!,135000.0,Кокшетау,False,2024-12-07,Первая аптека
Продается iPhone 7,90000.0,Шымкент,False,2024-12-17,Абайский район
Iphone 14 plus aktiv market,290000.0,Алматы,False,2024-12-17,Алмалинский район
Продаю телефон IPhone 7.,30000.0,Нуркен,True,2024-12-16,
Iphone 16 память 128 рассрочка,450000.0,Жезказган,False,2024-12-17,
"iPhone 11,  64гб",150000.0,Павлодар,False,2024-12-17,
Iphone 15pro.,460000.0,Еркинкала,True,2024-11-18,
Iphone 14pro max,355000.0,Актау,False,2024-12-16,1
Iphone 12pro max 256,200000.0,Шымкент,True,2024-12-17,Аль-Фарабийский район
Iphone 13 память 128 рассрочка,180000.0,Жезказган,False,2024-12-17,
iPhone 12/TehnoAltyn/0-0-12/Red/Kredit,125000.0,Актобе,False,2024-12-17,микрорайон 11
iPhone 14 Pro Max | 512 gb | Айфон 14 Про Макс,380000.0,Астана,False,2024-12-17,Алматинский район
Продаю Apple Iphone 14,250000.0,Усть-Каменогорск,False,2024-12-16,45-я аптека
Айфон 11 Iphone 11 КАК НОВЫЙ Астана мобильный телефон,80000.0,Астана,False,2024-12-14,Есильский район
Iphone 14 plus 128гб,250000.0,Караганда,False,2024-12-16,Казыбекбийский район
"Зарядное устройство apple, iphone 15",10000.0,Павлодар,False,2024-12-13,
iPhone 11 • 128Gb •Актив Маркет•,80000.0,Павлодар,False,2024-12-17,
iPhone12pro в отличном состоянии,220000.0,Актау,False,2024-12-17,10
зарядка iphone шнур айфон 15 адаптер,4990.0,Алматы,False,2024-12-15,Алмалинский район
Продам IPhone 11,150000.0,Семей,True,2024-12-17,
Iphone 16 pro max desert titanium 76_цикл,585000.0,Астана,False,2024-12-17,Алматинский район
Iphone 15 pro max,400111.0,Талас,False,2024-12-17,
Iphone 15 Pro 128 GB | Mobile Zone,345000.0,Астана,False,2024-12-17,Есильский район
iphone 14 pro max gold ##,300000.0,Астана,False,2024-12-17,Сарыаркинский район
iPhone 15 Pro Айфон 15 Про | ГАРАНТИЯ ГОД,425000.0,Костанай,False,2024-12-17,
iPhone 14 pro max 256gb черный,350000.0,Алматы,True,2024-12-16,Бостандыкский район
Продажа  iPhone 13 с 128 гб розовый,179000.0,Уральск,True,2024-12-17,2-й рабочий
iPhone 13 • 128GB •Актив Маркет•,170000.0,Павлодар,False,2024-12-17,
Переходник для IPhone и IPad,15000.0,Актобе,True,2024-12-03,микрорайон 11
Чехол на Iphone 14 pro,2200.0,Нуркен,True,2024-12-10,
Iphone 5 se смартфон,35000.0,Кокшетау,False,2024-12-17,Привокзальный (Акку)
iPhone 16 pro 256gb black,550000.0,Астана,False,2024-12-17,Алматинский район
Iphone 15 pro max,500000.0,Тараз,True,2024-12-17,1-мкр. Акбулак
Iphone  хр.  !!,130000.0,Уральск,True,2024-12-17,2-й рабочий
Iphone 15 pro max 512гб,550000.0,Караганда,True,2024-12-16,Казыбекбийский район
iphone 15 pro white titanium ##,435000.0,Астана,False,2024-12-17,Сарыаркинский район
Iphone 15 pro max,495000.0,Астана,True,2024-12-17,Байконурский
Iphone 16 Pro Max 256/100 с коробкой,630000.0,Нуркен,False,2024-12-17,
Iphone 15 Pro Max 256 GB E-SIM,475000.0,Астана,False,2024-12-14,Алматинский район
 Apple AirPods PRO/2/3 Gen. | Наушники iPhone Айфон Эйрподс Про/2/3,9990.0,Алматы,False,2024-12-16,Бостандыкский район
продам iphone 11 128гб черный!!! Акб 93%,125000.0,Мичуринское,False,2024-12-17,
IPhone 12 (128) в идеале.,125000.0,Шахтинск,False,2024-12-16,
iPhone 13 Pro 256Gb с гарантией,450000.0,Астана,False,2024-12-17,Алматинский район
Айфон 16 128 iPhone 16,384000.0,Алматы,False,2024-12-16,Алмалинский район
Продам крышку стекло на iphone 4s,500.0,Алгабас,False,2024-12-17,
Iphone 15 128/Айфон 15 128,279620.0,Костанай,False,2024-12-17,
IPHONE 6 памиять 64гб,20000.0,Актау,True,2024-12-11,1
Iphone 13 pro 128gb,260000.0,Тараз,False,2024-12-17,1-мкр. Акбулак
Iphone SE 2020 64Gb,60000.0,Балхаш,True,2024-12-17,
"Iphone 13, Айфон 13,Рассрочка,Апорт Ломбард",180000.0,Астана,False,2024-12-17,Алматинский район
iPhone 15 Pro/ Актив Ломбард/0-0-24,410000.0,Актау,False,2024-12-17,1
iPhone 14 Pro Max 512 gb,385000.0,Алматы,False,2024-12-17,Алмалинский район
"iPhone 16 Pro 256gb Айфон 16 Pro 256,iPhone16Pro , 16Pro ,iPhone 16Pro",528000.0,Алматы,True,2024-12-16,Алмалинский район
Iphone 7 32 akb 100,30000.0,Астана,False,2024-12-17,Алматинский район
Замена стекла дисплея iphone/айфон,0.0,Алматы,False,2024-12-12,Алмалинский район
Iphone 15 pro max 256gb  blue ekpp,440000.0,Астана,False,2024-12-17,Алматинский район
Iphone 15 pro max,430000.0,Алматы,False,2024-12-17,Алмалинский район
iPhone 6 s 64 gb,5000.0,Атырау,False,2024-12-17,Авангард
iPhone 11 Pro Max,120000.0,Кентау,True,2024-12-17,
Ремонт телефонов с гарантией / Айфон Samsung Iphone Xiaomi Huawei,0.0,Астана,False,2024-12-17,Есильский район
Iphone 13 128gb akb 100 телефон айфон,210000.0,Актау,False,2024-12-16,1
Iphone 13 Goyard чехол,2690.0,Астана,False,2024-12-01,Есильский район
Чехол зарядка iphone 7/8/SE черный цвет,10000.0,Атырау,False,2024-12-17,Авангард
Iphone 15 128gb розовый,305000.0,Петропавловск,True,2024-12-17,
Iphone 11 128 GB,115000.0,Астана,False,2024-12-16,Есильский район
"Iphone 15 Pro 256gb в новом состоянии ,на гарантии",480000.0,Усть-Каменогорск,False,2024-12-17,45-я аптека
продам iphone 12pro,140000.0,Интернациональное,False,2024-12-17,
Iphone 15 128gb смартфон айфон,310000.0,Актау,True,2024-12-17,1
"Iphone 12,64 GB.Black",200000.0,Семей,False,2024-12-17,
iPhone (айфон) 14 Pro 256gb,330000.0,Астана,False,2024-12-17,Сарыаркинский район
iphone 14 Pro Max,560000.0,Кызылорда,True,2024-12-16,
Продам либо обмен Iphone 8 plus,60000.0,Астана,False,2024-12-17,Нура
"iPhone 12 pro , айфон 12 про телефон смартфон",250000.0,Астана,True,2024-12-17,Сарыаркинский район
IPhone13 в хорошем состоянии,160000.0,Костанай,False,2024-12-17,
Iphone 13 128gb,150000.0,Караганда,False,2024-12-17,Казыбекбийский район
продам Iphone 14 pro 256 GB,340000.0,Талдыкорган,False,2024-12-17,Микрорайон 1
IPhone 13 pro акб 89% Айфон 13,220000.0,Астана,False,2024-12-16,Байконурский
"Iphone 13/128, 14/128,15/138,16/128",265000.0,Алматы,True,2024-12-16,Алмалинский район
"iPhone 16Pro 128gb   ,16Pro,Айфон 16 Pro,16Pro Айфон 16 Pro",528000.0,Алматы,False,2024-12-17,Алмалинский район
Чехлы на iphone 11 ProMax,300.0,Караганда,False,2024-12-09,Казыбекбийский район
Airpods 2 iphone,15000.0,Алматы,True,2024-12-08,Бостандыкский район
Задняя крышка от iPhone 4S,2000.0,Бесколь,False,2024-12-16,
Iphone 13 256gb зеленый,235000.0,Караганда,True,2024-12-17,Казыбекбийский район
Чехол черный оригинал на iphone 14 про макс,4500.0,Астана,False,2024-12-16,Нура
Iphone 11 64 GB white,90000.0,Павлодар,True,2024-12-17,
Iphone 8 plus 256gb,69000.0,Шахтинск,False,2024-12-17,
Iphone 16 Pro Max 256/100 с коробкой,630000.0,Нуркен,False,2024-12-17,
Usb быстрая зарядка apple ipad iPhone 12w 10w,10000.0,Алматы,False,2024-12-16,Жетысуский район
Продам iPhone 11,200000.0,Лисаковск,False,2024-12-17,
Iphone 15 pro max,420000.0,Актау,False,2024-12-16,12
Телефон iPhone 14 128/Айфон 14 128,180000.0,Костанай,False,2024-12-17,
Айфон 13 128 iphone 13,210000.0,Пригородное,False,2024-12-15,
Iphone 15 128gb новый,330000.0,Караганда,False,2024-12-15,Казыбекбийский район
Чехол на iphone 15 pro Max,3500.0,Алматы,False,2024-12-09,Ауэзовский район
IPHONE 14 pro max 256,550000.0,Астана,True,2024-12-16,Есильский район
iphone 13 pro синий,235000.0,Алгабас,True,2024-12-17,
Iphone 15pro 128gb синий с гарантией,440000.0,Акбулак,False,2024-12-17,
"Iphone 14 Pro, 128gb, 100%/Red/Рассрочка",330000.0,Павлодар,True,2024-12-17,
iphone 15 pro 128,400000.0,Аксу,False,2024-12-17,
"Новый запакованный Iphone 16 Pro Max 256gb ,год гарантии",690000.0,Усть-Каменогорск,False,2024-12-17,45-я аптека
Iphone 16 pro 256 gb новый,620000.0,Караганда,True,2024-12-17,Октябрьский район
iphone 15 pro max blue titanium ##,450000.0,Астана,False,2024-12-17,Сарыаркинский район
Айфон 11 64GB 77% как новый срочно Астана IPhone 11 64GB 77% как новый,90000.0,Астана,False,2024-12-16,Алматинский район
Iphone 12 Pro 256GB,175000.0,Павлодар,False,2024-12-13,
"iPhone 16Pro Max , Айфон 16Pro Max , 16 Pro Max,iPhone 16 Pro",623000.0,Алматы,True,2024-12-17,Алмалинский район
iPhone Xr 64gb Айфон Хр 64гб | Рассрочка,85000.0,Костанай,False,2024-12-17,
Чехол iphone 13 pro max mobax,2500.0,Алматы,False,2024-12-17,Бостандыкский район
Iphone se 2022 64gb сатылады,65000.0,Актау,False,2024-12-17,1
Iphone 11 64 gb Акб 78,80000.0,Жанаозен,True,2024-12-17,
Адаптер Vietnam iphone,5990.0,Алматы,False,2024-12-15,Алмалинский район
iPhone 11 Pro 256 GB,130000.0,Астана,False,2024-12-17,Сарыаркинский район
"Продам чехлы на Iphone 15 pro, новые",1500.0,Костанай,False,2024-12-16,
Чехол для Iphone 12,250.0,Костанай,False,2024-12-01,
Iphone 16 Pro max 512Gb Desert,810000.0,Алматы,False,2024-12-16,Алмалинский район
Чехол iphone 14 pro max,1600.0,Жарсуат,False,2024-12-10,
"iPhone 16 Pro 256gb Айфон 16 Pro 256,iPhone16Pro , 16Pro ,iPhone 16Pro",528000.0,Алматы,True,2024-12-16,Алмалинский район
Apple/ iPhone 16 про 256 GB Desert,630000.0,Алматы,True,2024-12-16,Алмалинский район
"iPhone 15 Pro 128GB/ РАССРОЧКА ДО 60 МЕСЯЦЕВ/ ""Лидер Ломбард""",391000.0,Алматы,False,2024-12-17,Ауэзовский район
Противоударный чехол Iphone XS Max,2000.0,Темиртау,False,2024-12-16,
Iphone 14 pro max 89% black gwv,305000.0,Астана,False,2024-12-17,Сарыаркинский район
Продам зарядки на IPhone,1500.0,Степногорск,False,2024-12-09,
Iphone 15 pro max 256gb,420000.0,Караганда,False,2024-12-17,Казыбекбийский район
Iphone 15 память 128гб 99% black -,265000.0,Астана,False,2024-12-17,Алматинский район
Iphone 15 pro silver jfbf,380000.0,Астана,False,2024-12-17,Алматинский район
Айфон 11 iphone 11. 128 гб,80000.0,Жолбарыса Калшораева,True,2024-12-17,
Iphone Айфон 12,110000.0,Атырау,False,2024-11-23,Авангард
"iPhone 14 128Gb/ Айфон 14 128Гб ""Ломбард Лидер""РАССРОЧКА ДО 60 МЕСЯЦЕВ",220000.0,Алматы,False,2024-12-17,Алмалинский район
Быстрая замена аккумулятора Apple iPhone Андроид телефоны всех моделей,0.0,Астана,False,2024-12-17,Есильский район
iPhone X 64Gb б/у,70000.0,Алматы,False,2024-12-16,Алмалинский район
Iphone 13 PRO MAX 1TB,290000.0,Тельмана,False,2024-12-17,
Iphone 14 pro 128,380000.0,Муратбаев,True,2024-12-15,
Iphone 14 Pro 256 GB 93% | Mobile Zone,315000.0,Астана,False,2024-12-17,Есильский район
Iphone 8    85000 тг,85000.0,Узынагаш,True,2024-12-09,
"iPhone 13 Pro Max 128ГB/""Лидер Ломбард"" РАССРОЧКА ДО 60 МЕСЯЦЕВ",275000.0,Алматы,False,2024-12-17,Алмалинский район
İphone 14 Pro Max 128 gb фиолетовый,550000.0,Алматы,False,2024-12-17,Алмалинский район
"iPhone 12Pro, 256гб",320000.0,Алматы,True,2024-12-17,Медеуский район
Зарядка iPhone оригинал,10000.0,Семей,True,2024-12-14,
iphone 14 сатылады,280000.0,Жамбыл,False,2024-12-03,
Чехлы на Iphone 13,3000.0,Петропавловск,False,2024-12-15,
Iphone 14 128 GB | Mobile Zone,195000.0,Астана,False,2024-12-17,Есильский район
Iphone 11 128 gb 87% черный,110000.0,Астана,False,2024-12-16,Байконурский
iPhone 14 256 GB,245000.0,Астана,True,2024-12-15,Есильский район
Apple iPhone 16  256/100,490000.0,Хромтау,False,2024-12-17,
"iPhone 13, Новый, акб100%, гарантия технодом EAC",230000.0,Караганда,False,2024-12-15,Казыбекбийский район
Чехлы на Iphone 13,3000.0,Петропавловск,False,2024-12-15,
Iphone 14 128 GB | Mobile Zone,195000.0,Астана,False,2024-12-17,Есильский район
Iphone 11 128 gb 87% черный,110000.0,Астана,False,2024-12-16,Байконурский
iPhone 13 Pro 128gb Айфон 13 Про | Рассрочка,260000.0,Костанай,False,2024-12-17,
Адаптер для Iphone,1500.0,Алматы,False,2024-12-17,Жетысуский район
Iphone се2020.,45000.0,Актау,False,2024-12-17,
Айфон 11 64Гб Iphone 11 64 gb,80000.0,Интернациональное,True,2024-12-17,
"Iphone 15, 256gb, 100%",330000.0,Жезказган,False,2024-12-17,
Iphone se 2020,60000.0,Семей,False,2024-12-17,
Телефон Iphone 15 Pro,440000.0,Талас,False,2024-12-16,
Продам iPhone12pro,175000.0,Павлодар,False,2024-12-10,
Iphone 15 pro 100%akb 128gb Айфон 15 про,399000.0,Астана,False,2024-12-17,Нура
iPhone Samsung OPPO,35000.0,Узынагаш,False,2024-12-17,
"iPhone 11, Новый, акб 100%",155000.0,Караганда,False,2024-12-17,Казыбекбийский район
Apple iPhone 14 Pro,330000.0,Хромтау,False,2024-12-17,
зарядка на айфон шнур адаптер iphone блок,2990.0,Алматы,False,2024-12-07,Ауэзовский район
Iphone 16 128gb новый,410000.0,Караганда,False,2024-12-17,Казыбекбийский район
"iPhone 15, Новый почти, акб 100%, гарантия",315000.0,Караганда,False,2024-12-17,Казыбекбийский район
iPhone 16 pro хр,120000.0,Кызылжар,False,2024-12-17,
Iphone 14 память 128 рассрочка,195000.0,Жезказган,False,2024-12-17,
Iphone XR красный,80000.0,Павлодар,False,2024-12-17,
İphone 14 простой,300000.0,Актау,False,2024-12-16,1
Iphone 14 Pro Max 256gb белый,330000.0,Алматы,True,2024-12-16,Алмалинский район
Iphone xs 64 gb .,45000.0,Туркестан,False,2024-12-15,
iPhone 13 Pro Max на 512gb,300000.0,Караганда,False,2024-12-15,Казыбекбийский район
IPhone 7 в хорошем состоянии,40000.0,Астана,False,2024-12-17,Алматинский район
iPhone 14 PRO 256 Gb,270000.0,Алматы,False,2024-12-17,Алмалинский район
Зарядный блок айфон iPhone зарядка,3000.0,Костанай,False,2024-12-16,
Оригинальный шнур для iPhone,2400.0,Павлодар,True,2024-11-18,
iPhone watch ультра,230000.0,Актау,True,2024-12-05,1
Iphone 12 pro 128 gb,250000.0,Алматы,True,2024-12-17,Жетысуский район
Iphone 15 pro max 256gb e sim,450000.0,Караганда,False,2024-12-17,Казыбекбийский район
iphone 14 Pro Max,0.0,Астана,False,2024-12-17,Есильский район
Iphone 11 память 128 новый,230000.0,Жезказган,False,2024-12-17,
Iphone 14 256gb,220000.0,Караганда,False,2024-12-17,Казыбекбийский район
Телефон iPhone 14 128/Айфон 14 128,180000.0,Костанай,False,2024-12-17,
"Iphone 13 128gb в идеальном состоянии ,гарантия",200000.0,Усть-Каменогорск,False,2024-12-16,45-я аптека
"Iphone 14 Pro 128gb в идеальном состоянии ,гарантия",340000.0,Усть-Каменогорск,False,2024-12-17,45-я аптека
Продам IPhone 7,38000.0,Нура,True,2024-12-17,
Кабель  айфона iPhone usb-c to lightning 1 метр оригинал Новый,6600.0,Астана,False,2024-12-17,Есильский район
Обменяю стайлер Dyson и Iphone 11 128 Gb,0.0,Алматы,False,2024-12-17,Бостандыкский район
Срочно продам Iphone 15pro 256gb,400000.0,Талдыкорган,False,2024-12-17,Микрорайон 1
Iphone 13 pro 128Gb рассрочка,220000.0,Жезказган,False,2024-12-17,
"Iphone 15 Pro Max 256gb в идеальном состоянии ,гарантия",480000.0,Усть-Каменогорск,False,2024-12-17,45-я аптека
Геймпад Backbone для iPhone,45000.0,Алматы,False,2024-11-21,Бостандыкский район
Основная материнская плата на Apple iPhone 14 Pro Max,160000.0,Павлодар,True,2024-12-17,
iphone 7 продам срочно,35000.0,Текели,False,2024-12-17,
Iphone 14 память 128 рассрочка,220000.0,Жезказган,False,2024-12-17,
iPhone 13 Pro | Айфон 13 Про | S Finance Lombard,250000.0,Астана,False,2024-12-17,Алматинский район
IPhone 14 про 256 Гб,360000.0,Сарыагаш,True,2024-12-17,
IPhone 16 Pro Max,55000.0,Алматы,False,2024-12-14,Алмалинский район
Оргинал! Новый! Чехол APPLE силиконовый с MagSafe для iPhone 14 Plus,10000.0,Алматы,True,2024-12-17,Медеуский район
Микрофон Петлички для Iphone и Type-C отличного качества,6800.0,Алматы,False,2024-12-17,Жетысуский район
"Iphone 15 Pro 128gb в новом состоянии,на гарантии",425000.0,Усть-Каменогорск,False,2024-12-17,45-я аптека
Iphone XS 64 гб,63000.0,Астана,False,2024-12-17,Сарыаркинский район
Смартфон Apple Iphone XSmax,60000.0,Талас,False,2024-12-17,
Чехол iphone 16 pro,4000.0,Астана,False,2024-12-05,Есильский район
"Iphone 15 Pro Max 256gb в идеальном состоянии ,на гарантии",485000.0,Усть-Каменогорск,False,2024-12-17,45-я аптека
Iphone 13 pro 256 gb  83%,235000.0,Астана,False,2024-12-17,Байконурский
Чехол хороший на iphone 6s и 6,800.0,Караганда,False,2024-12-17,Казыбекбийский район
Продам Iphone 13 зеленый 128гб,205000.0,Астана,False,2024-12-16,Есильский район
IPhone 12 (128) в идеале.,125000.0,Шахтинск,False,2024-12-16,
Телефон iPhone 11 128/Айфон 11 128,80000.0,Костанай,False,2024-12-17,
iPhone 12 Pro Max 128 GB,180000.0,Астана,False,2024-12-05,Алматинский район
Продам iPhone 16 128,390000.0,Астана,False,2024-12-16,Нура
iPhone 8plus прадаю,40000.0,Туркестан,False,2024-12-17,
"IPhone 11, 128 гб",100000.0,Алматы,False,2024-12-16,Алмалинский район
IPhone 12 pro 128g,140000.0,Иргели,True,2024-12-16,
Продам Iphone se2022,60000.0,Гульдала,False,2024-12-16,
Apple iPhone 15 Pro Max 256GB,591600.0,Алматы,False,2024-12-16,Ауэзовский район
Телефон IPhone 6S,20000.0,Алматы,False,2024-12-17,Жетысуский район
Чехол на iPhone 14 Pro,300.0,Костанай,False,2024-12-13,
"Продам чехол и бампер на iPhone 12,12 pro",1500.0,Экибастуз,False,2024-11-30,
iPhone 11 128Gb Телефон Айфон 11 128гб,100000.0,Астана,False,2024-12-17,Байконурский
Айфон IPhone 16 Про Pro Xr Новый!,146900.0,Уральск,True,2024-12-14,Остановка Кирова (3-я поликлиника)
"Iphone 11, 64gb, RED",80000.0,Нурмухамеда Есентаева,False,2024-12-11,
Продам Iphone 12 в идеальном состоянии,110000.0,Усть-Каменогорск,True,2024-12-17,Стрелка
Чехол на iPhone 4S,1500.0,Алматы,False,2024-12-15,Бостандыкский район
Чехол на iphone 15,5000.0,Нуркен,False,2024-12-11,
Iphone 15 pro 256,450000.0,Караганда,False,2024-12-16,Казыбекбийский район
Iphone 14 pro 512,350000.0,Караганда,False,2024-12-16,Казыбекбийский район
Iphone 14 pro max 256,350000.0,Караганда,False,2024-12-16,Казыбекбийский район
Продажа Iphone 11 Pro Max 256GB,140000.0,Караганда,False,2024-12-17,Казыбекбийский район
Iphone 15 pro blue tita kfbv,380000.0,Астана,False,2024-12-17,Алматинский район
Iphone 11 black без коробки  вовл,80000.0,Астана,False,2024-12-17,Алматинский район
Iphone 14 black 100% emkoct,235000.0,Астана,False,2024-12-17,Алматинский район
Чехол для iphone 16 pro max,4500.0,Алматы,False,2024-12-14,Ауэзовский район
"iPhone 16Pro 128gb   ,16Pro,Айфон 16 Pro,16Pro Айфон 16 Pro",528000.0,Алматы,False,2024-12-17,Алмалинский район
iphone 12 pro max 128,160000.0,Алматы,True,2024-12-16,Медеуский район
 Продам iPhone 14 Pro 256Gb !!!,330000.0,Хромтау,False,2024-12-17,
чехол на Iphone 8+,1000.0,Кызылжар,False,2024-11-29,
 iphone 13 pro 256gb,254990.0,Алматы,False,2024-12-17,Бостандыкский район
iphone 13 про 128 gb 83%/Айфон 13 про,240000.0,Астана,False,2024-12-16,Байконурский
Iphone 15 pro Айфон 15 про,395000.0,Актау,True,2024-12-17,1
Чехол для  iphone 11,2000.0,Уральск,False,2024-12-08,Микрорайон 6 (Конаева)
Айфон х iPhone X,70000.0,Алматы,True,2024-12-17,Алмалинский район
Iphone 11 128gb! Айфон,75000.0,Темиртау,False,2024-12-17,
Iphone 12 pro max 256 гб,229990.0,Актау,True,2024-12-17,1
Iphone 14 pro 128gb новый,400000.0,Караганда,False,2024-12-16,Казыбекбийский район
Продажа Iphone 13 128Gb,175000.0,Караганда,False,2024-12-17,Казыбекбийский район
Iphone 12 pro 128 gb. Обмен не интересует,170000.0,Тараз,False,2024-12-16,10-мкр. Аса
 Apple iPhone 11 | 128 gb | Айфон 11,110000.0,Астана,False,2024-12-16,Алматинский район
iPhone 11/ Актив Ломбард/ 0-0-24,100000.0,Актау,False,2024-12-17,1
Iphone 12 pro max 256 гб,229990.0,Актау,True,2024-12-17,1
Iphone 14 pro 128gb новый,400000.0,Караганда,False,2024-12-16,Казыбекбийский район
Продажа Iphone 13 128Gb,175000.0,Караганда,False,2024-12-17,Казыбекбийский район
Iphone 14 pro 128,300000.0,Караганда,False,2024-12-16,Казыбекбийский район
IPhone XR договорный,140000.0,Алматы,False,2024-11-27,Турксибский район
Iphone Xs 64 GB | Mobile Zone,55000.0,Астана,False,2024-12-17,Есильский район
Замена дисплей iPhone,0.0,Павлодар,False,2024-12-01,
Продам Iphone 12,80000.0,Алматы,False,2024-12-17,Бостандыкский район
Iphone 11 красный 128 гб,110000.0,Астана,False,2024-12-16,Есильский район
"Беспроводная зарядная станция для Айфон, iPhone, Samsung, зарядка",12000.0,Астана,False,2024-12-17,Сарыаркинский район
IPhone 15 мини.,25000.0,Павлодар,False,2024-12-16,
iPhone 15pro 256гбт черный,430000.0,Актау,False,2024-12-14,1
iPhone 16 pro max 256gb Айфон 16 про мах 256гб,619900.0,Алматы,False,2024-12-15,Алмалинский район
Продам Новые чехлы MagSafe iPhone 13Pro Max 1+1 Второй в подарок,3000.0,Семей,False,2024-12-16,
Чехол на iPhone 15 pro,1200.0,Актау,False,2024-12-04,1
"Исправить iPhone отключен, переустановка iOS",0.0,Астана,False,2024-11-23,Алматинский район
Поменяю ВАШ новый iPhone на деньги,1000000.0,Кокшетау,True,2024-12-17,Центр города
Чехол на iphone 15 pro max,3500.0,Алматы,False,2024-12-09,Ауэзовский район
Iphone 13,175900.0,Алматы,True,2024-12-17,Жетысуский район
Iphone 16 pro 256 рассрочка,610000.0,Жезказган,False,2024-12-17,
Iphone 11(128gb) | Актив Маркет,80000.0,Костанай,False,2024-12-16,
Iphone 16 plus 128gb  новый,470000.0,Караганда,False,2024-12-17,Казыбекбийский район
Iphone 13 pro max white 128 gb,245000.0,Астана,False,2024-12-17,Алматинский район
"Iphone 13, айфон 13, продам срочно",179990.0,Алматы,True,2024-12-16,Бостандыкский район
AirPods 3 Премиум качество. Наушник Беспроводные. Apple. iPhone,9900.0,Астана,False,2024-11-23,Байконурский
"Iphone 15 Pro 128gb в новом состоянии,на гарантии",425000.0,Усть-Каменогорск,False,2024-12-17,45-я аптека
Продается iPhone 14 pro max,400000.0,Балхаш,True,2024-12-17,
Петичка Микрофон на Iphone,7000.0,Актау,False,2024-12-09,1
Iphone 12 pro на 128gb  Айфон 12,160000.0,Тараз,False,2024-12-17,1-мкр. Акбулак
Iphone 11 продам,150000.0,Алматы,True,2024-12-17,Алмалинский район
iPhone (айфон) 13 128gb 100%,210000.0,Астана,False,2024-12-17,Сарыаркинский район
Iphone 13 256gb сатылады,195000.0,Актау,False,2024-12-17,1
Зарядка на Iphone,3000.0,Алматы,False,2024-12-02,Алатауский район
Iphone 15 pro.,520000.0,Алматы,False,2024-11-27,Жетысуский район
Iphone 15 pro max 256gb e sim,460000.0,Караганда,False,2024-12-17,Казыбекбийский район
Продам срочно iPhone 13mini,250000.0,Петропавловск,False,2024-12-16,
iPhone 15 Pro XR 256 гиг + Адаптер,114000.0,Алматы,False,2024-12-15,Алмалинский район
Iphone 14 Pro Max 256gb белый,330000.0,Алматы,True,2024-12-16,Алмалинский район
IPhone 15 pro max айфон,510000.0,Костанай,True,2024-12-17,
Iphone 15 pro max 512 gb,470000.0,Астана,False,2024-12-16,Нура
iPhone 14 с гарантией,300000.0,Жаркент,True,2024-12-17,
"iPad (4-го поколения), iPhone 8(только на запчасти)",30000.0,Атырау,False,2024-12-17,Авангард
Iphone 13 256gb,200000.0,Караганда,False,2024-12-16,Казыбекбийский район
Iphone 16 pro max 256 новый,660000.0,Караганда,False,2024-12-16,Казыбекбийский район
iPhone XR 64 Apple,100000.0,Актау,True,2024-12-16,1
Iphone 14 pro purple 256 gb  jsnv,360000.0,Астана,False,2024-12-17,Алматинский район
Продам на метал Iphone 6,15000.0,Семей,True,2024-12-16,
Телефон iPhone 14 pro max 128  gb 86%,325000.0,Астана,False,2024-12-17,Есильский район
Продается iPhone 6,10000.0,Костанай,False,2024-12-09,
